"Product Group","Status","Compliance","Channel Polarity","Silicon Family","Package Name","Type","Gate Level","Wide SOA Mosfets","Configuration","OPN in older Technology","V(BR)DSS Min (V)","RDS(on) Max @ VGS = 10 V  (mΩ)","VGS Max (V)","Vgs(th) Max (V)","ID Max (A)","PD Max (W)","RDS(on) Max @ VGS = 2.5 V  (mΩ)","RDS(on) Max @ VGS = 4.5 V  (mΩ)","Qg Typ @ VGS = 4.5 V (nC)","Qg Typ @ VGS = 10 V (nC)","Ciss Typ (pF)","Qgd Typ @ VGS = 4.5 V (nC)","Qrr Typ (nC)","Coss Typ (pF)","Crss Typ (pF)","Package Type","MSL Type","MSL Temp (°C)","Reference Price",
"FCA20N60F","Active"," Pb   ","N-Channel, ","PowerTrench® T1, ","TO-3PN, ","High Voltage, ","Standard, ","0, ","Single, ","0, ","600, ","190, ","±30, ","5, ","20, ","208, ","-, ","-, ","-, ","75, ","2370, ","36, ","-, ","1280, ","95, ","TO-3P-3L ","NA ","0 ","2.997 ",
"FCA20N60-F109","Active"," Pb   ","N-Channel, ","PowerTrench® T1, ","TO-3PN, ","High Voltage, ","Standard, ","0, ","Single, ","0, ","600, ","190, ","5, ","5, ","20, ","208, ","-, ","-, ","-, ","75, ","2370, ","36, ","-, ","1280, ","95, ","TO-3P-3L ","NA ","0 ","3.523 ",
"FCA47N60","Active"," Pb   ","N-Channel, ","PowerTrench® T1, ","TO-3PN, ","High Voltage, ","Standard, ","0, ","Single, ","0, ","600, ","70, ","±30, ","5, ","47, ","417, ","-, ","-, ","-, ","210, ","5900, ","110, ","25000, ","3200, ","250, ","TO-3P-3L ","NA ","0 ","6.4482 ",
"FCA47N60-F109","Active"," Pb   ","N-Channel, ","PowerTrench® T1, ","TO-3PN, ","High Voltage, ","Standard, ","0, ","Single, ","0, ","600, ","70, ","±30, ","5, ","47, ","417, ","-, ","-, ","-, ","210, ","5900, ","110, ","25000, ","3200, ","250, ","TO-3P-3L ","NA ","0 ","6.1816 ",
"FCA47N60F","Active"," Pb   ","N-Channel, ","PowerTrench® T1, ","TO-3PN, ","High Voltage, ","Standard, ","0, ","Single, ","0, ","600, ","73, ","±30, ","5, ","47, ","417, ","-, ","-, ","-, ","210, ","5900, ","110, ","2040, ","3200, ","250, ","TO-3P-3L ","NA ","0 ","6.7531 ",
"FCB070N65S3","Active","H Pb   ","N-Channel, ","PowerTrench® T1, ","D2PAK, ","High Voltage, ","Standard, ","0, ","Single, ","0, ","650, ","70, ","±30, ","4.5, ","44, ","312, ","-, ","-, ","-, ","78, ","3090, ","30, ","9200, ","68, ","-, ","D2PAK-3 / TO-263-2 ","1 ","245 ","3.2123 ",
"FCB099N65S3","Active","H Pb   ","N-Channel, ","PowerTrench® T1, ","D2PAK, ","High Voltage, ","Standard, ","0, ","Single, ","0, ","650, ","99, ","30, ","4.5, ","30, ","227, ","~NA~, ","~NA~, ","~NA~, ","61, ","2480, ","~NA~, ","8.4, ","55, ","8.5, ","D2PAK-3 / TO-263-2 ","1 ","245 ","2.6246 ",
"FCB110N65F","Active","H Pb   ","N-Channel, ","PowerTrench® T1, ","D2PAK, ","High Voltage, ","Standard, ","0, ","Single, ","0, ","650, ","110, ","DC: ±20, AC: ±30, ","5, ","35, ","357, ","-, ","-, ","-, ","98, ","3680, ","43, ","670, ","110, ","0.65, ","D2PAK-3 / TO-263-2 ","1 ","245 ","3.1903 ",
"FCB11N60TM","Active","H Pb   ","N-Channel, ","PowerTrench® T1, ","D2PAK, ","High Voltage, ","Standard, ","0, ","Single, ","0, ","600, ","380, ","±30, ","5, ","11, ","125, ","-, ","-, ","-, ","40, ","1148, ","21, ","5700, ","671, ","63, ","D2PAK-3 / TO-263-2 ","1 ","245 ","1.5648 ",
"FCB125N65S3","Active","H Pb   ","N-Channel, ","PowerTrench® T1, ","D2PAK, ","High Voltage, ","Standard, ","0, ","Single, ","0, ","650, ","125, ","30, ","4.5, ","24, ","181, ","~NA~, ","~NA~, ","~NA~, ","46, ","1940, ","~NA~, ","5.7, ","40, ","5.5, ","D2PAK-3 / TO-263-2 ","1 ","245 ","2.2769 ",
"FCB199N65S3","Active","H Pb   ","N-Channel, ","PowerTrench® T1, ","D2PAK, ","High Voltage, ","Standard, ","0, ","Single, ","0, ","650, ","199, ","±30, ","4.5, ","14, ","98, ","-, ","-, ","-, ","30, ","1225, ","13, ","3500, ","30, ","-, ","D2PAK-3 / TO-263-2 ","1 ","245 ","1.6838 ",
"FCB20N60TM","Active","H Pb   ","N-Channel, ","PowerTrench® T1, ","D2PAK, ","High Voltage, ","Standard, ","0, ","Single, ","0, ","600, ","190, ","-, ","-, ","20, ","208, ","-, ","-, ","-, ","75, ","-, ","36, ","1100, ","1280, ","95, ","D2PAK-3 / TO-263-2 ","1 ","245 ","2.5798 ",
"FCB20N60FTM","Active","H Pb   ","N-Channel, ","PowerTrench® T1, ","D2PAK, ","High Voltage, ","Standard, ","0, ","Single, ","0, ","600, ","190, ","±30, ","5, ","20, ","208, ","-, ","-, ","-, ","75, ","2370, ","36, ","1100, ","1280, ","95, ","D2PAK-3 / TO-263-2 ","1 ","245 ","2.5421 ",
"FCB260N65S3","Active","H Pb   ","N-Channel, ","PowerTrench® T1, ","D2PAK, ","High Voltage, ","Standard, ","0, ","Single, ","0, ","650, ","260, ","±30, ","4.5, ","12, ","90, ","-, ","-, ","-, ","24, ","1010, ","9.7, ","3400, ","25, ","-, ","D2PAK-3 / TO-263-2 ","1 ","245 ","1.5233 ",
"FCB290N80","Active","H Pb   ","N-Channel, ","PowerTrench® T1, ","D2PAK, ","High Voltage, ","Standard, ","0, ","Single, ","0, ","800, ","290, ","DC: ±20, AC: ±30, ","4.5, ","17, ","212, ","-, ","-, ","-, ","58, ","2410, ","22, ","12, ","75, ","0.36, ","D2PAK-3 / TO-263-2 ","1 ","245 ","3.062 ",
"FCD1300N80Z","Active","H Pb   ","N-Channel, ","PowerTrench® T1, ","DPAK, ","High Voltage, ","Standard, ","0, ","Single, ","0, ","800, ","1300, ","DC: ±20, AC: ±30, ","4.5, ","4, ","52, ","-, ","-, ","-, ","16.2, ","661, ","6.8, ","2900, ","22.3, ","0.74, ","DPAK-3 / TO-252-3 ","1 ","260 ","0.8446 ",
"FCD2250N80Z","Active","H Pb   ","N-Channel, ","PowerTrench® T1, ","DPAK, ","High Voltage, ","Standard, ","0, ","Single, ","0, ","800, ","2250, ","DC: ±20, AC: ±30, ","4.5, ","2.6, ","39, ","-, ","-, ","-, ","11, ","440, ","4.3, ","2200, ","16, ","0.75, ","DPAK-3 / TO-252-3 ","1 ","260 ","0.6568 ",
"FCD260N65S3","Active","H Pb   ","N-Channel, ","PowerTrench® T1, ","DPAK, ","High Voltage, ","Standard, ","0, ","Single, ","0, ","650, ","260, ","±30, ","4.5, ","12, ","90, ","-, ","-, ","-, ","24, ","1010, ","9.7, ","3400, ","25, ","-, ","DPAK-3 / TO-252-3 ","1 ","260 ","0.677 ",
"FCD3400N80Z","Active","H Pb   ","N-Channel, ","PowerTrench® T1, ","DPAK, ","High Voltage, ","Standard, ","0, ","Single, ","0, ","800, ","3400, ","DC: ±20, AC: ±30, ","4.5, ","2, ","32, ","-, ","-, ","-, ","7.4, ","299, ","3.1, ","868, ","12.7, ","0.36, ","DPAK-3 / TO-252-3 ","1 ","260 ","0.7483 ",
"FCD360N65S3R0","Active","H Pb   ","N-Channel, ","PowerTrench® T1, ","DPAK, ","High Voltage, ","Standard, ","0, ","Single, ","0, ","650, ","360, ","30, ","4.5, ","25, ","83, ","-, ","-, ","-, ","18, ","730, ","7.6, ","2400, ","15, ","-, ","DPAK-3 / TO-252-3 ","1 ","260 ","0.9367 ",
"FCD380N60E","Active","H Pb   ","N-Channel, ","PowerTrench® T1, ","DPAK, ","High Voltage, ","Standard, ","0, ","Single, ","0, ","600, ","380, ","DC: ±20, AC: ±30, ","3.5, ","10.2, ","106, ","-, ","-, ","-, ","34, ","1330, ","13, ","3000, ","945, ","60, ","DPAK-3 / TO-252-3 ","1 ","260 ","0.996 ",
"FCD4N60TM","Active","H Pb   ","N-Channel, ","PowerTrench® T1, ","DPAK, ","High Voltage, ","Standard, ","0, ","Single, ","0, ","600, ","1200, ","±30, ","5, ","3.9, ","50, ","-, ","-, ","-, ","12.8, ","415, ","7.1, ","2070, ","210, ","19.5, ","DPAK-3 / TO-252-3 ","1 ","260 ","0.773 ",
"FCD5N60TM","Active","H Pb   ","N-Channel, ","PowerTrench® T1, ","DPAK, ","High Voltage, ","Standard, ","0, ","Single, ","0, ","600, ","950, ","±30, ","5, ","4.6, ","54, ","-, ","-, ","-, ","16, ","470, ","7, ","2700, ","250, ","22, ","DPAK-3 / TO-252-3 ","1 ","260 ","0.8317 ",
"FCD5N60TM-WS","Active","H Pb   ","N-Channel, ","PowerTrench® T1, ","DPAK, ","High Voltage, ","Standard, ","0, ","Single, ","0, ","600, ","950, ","±30, ","5, ","4.6, ","54, ","-, ","-, ","-, ","16, ","470, ","7, ","2700, ","250, ","22, ","DPAK-3 / TO-252-3 ","1 ","260 ","0.7174 ",
"FCD600N60Z","Active","H Pb   ","N-Channel, ","PowerTrench® T1, ","DPAK, ","High Voltage, ","Standard, ","0, ","Single, ","0, ","600, ","600, ","DC: ±20, AC: ±30, ","3.5, ","7.4, ","89, ","-, ","-, ","-, ","20, ","840, ","7.5, ","2300, ","630, ","30, ","DPAK-3 / TO-252-3 ","1 ","260 ","0.8225 ",
"FCD600N65S3R0","Active","H Pb   ","N-Channel, ","PowerTrench® T1, ","DPAK, ","High Voltage, ","Standard, ","0, ","Single, ","0, ","650, ","600, ","30, ","4.5, ","6, ","54, ","-, ","-, ","-, ","11, ","465, ","4.9, ","1600, ","10, ","-, ","DPAK-3 / TO-252-3 ","1 ","260 ","0.7053 ",
"FCD620N60ZF","Active","H Pb   ","N-Channel, ","PowerTrench® T1, ","DPAK, ","High Voltage, ","Standard, ","0, ","Single, ","0, ","600, ","620, ","DC: ±20, AC: ±30, ","5, ","7.3, ","89, ","-, ","-, ","-, ","20, ","855, ","7.7, ","325, ","625, ","30, ","DPAK-3 / TO-252-3 ","1 ","260 ","0.7964 ",
"FCD7N60TM-WS","Active","H Pb   ","N-Channel, ","PowerTrench® T1, ","DPAK, ","High Voltage, ","Standard, ","0, ","Single, ","0, ","600, ","600, ","±30, ","5, ","7, ","83, ","-, ","-, ","-, ","23, ","710, ","11.5, ","4500, ","380, ","34, ","DPAK-3 / TO-252-3 ","1 ","260 ","0.9139 ",
"FCD7N60TM","Active","H Pb   ","N-Channel, ","PowerTrench® T1, ","DPAK, ","High Voltage, ","Standard, ","0, ","Single, ","0, ","600, ","600, ","±30, ","5, ","7, ","83, ","-, ","-, ","-, ","23, ","710, ","11.5, ","4500, ","380, ","34, ","DPAK-3 / TO-252-3 ","1 ","260 ","1.1125 ",
"FCD850N80Z","Active","H Pb   ","N-Channel, ","PowerTrench® T1, ","DPAK, ","High Voltage, ","Standard, ","0, ","Single, ","0, ","800, ","850, ","DC: ±20, AC: ±30, ","4.5, ","6, ","75, ","-, ","-, ","-, ","29, ","990, ","8.6, ","4500, ","28, ","0.74, ","DPAK-3 / TO-252-3 ","1 ","260 ","1.0245 ",
"FCD900N60Z","Active","H Pb   ","N-Channel, ","PowerTrench® T1, ","DPAK, ","High Voltage, ","Standard, ","0, ","Single, ","0, ","600, ","900, ","DC: ±20, AC: ±30, ","3.5, ","4.5, ","52, ","-, ","-, ","-, ","13.1, ","543, ","4.8, ","1300, ","400, ","20, ","DPAK-3 / TO-252-3 ","1 ","260 ","0.6847 ",
"FCH023N65S3-F155","Active"," Pb   ","N-Channel, ","PowerTrench® T1, ","TO-247, ","High Voltage, ","Standard, ","0, ","Single, ","0, ","650, ","23, ","±30, ","4.5, ","75, ","595, ","-, ","-, ","-, ","222, ","7160, ","90, ","17900, ","195, ","-, ","TO-247-3 ","NA ","0 ","7.4425 ",
"FCH023N65S3L4","Active","H Pb   ","N-Channel, ","PowerTrench® T1, ","TO-247, ","High Voltage, ","Standard, ","0, ","Single, ","0, ","650, ","23, ","±30, ","4.5, ","75, ","595, ","-, ","-, ","-, ","222, ","7160, ","90, ","17900, ","195, ","-, ","TO-247-4 ","NA ","0 ","14.701 ",
"FCH029N65S3-F155","Active"," Pb   ","N-Channel, ","PowerTrench® T1, ","TO-247, ","High Voltage, ","Standard, ","0, ","Single, ","0, ","650, ","29, ","±30, ","4.5, ","75, ","463, ","~NA~, ","~NA~, ","~NA~, ","201, ","6340, ","~NA~, ","516, ","166, ","24, ","TO-247-3LD ","NA ","0 ","11.3032 ",
"FCH040N65S3-F155","Active","H Pb   ","N-Channel, ","PowerTrench® T1, ","TO-247, ","High Voltage, ","Standard, ","0, ","Single, ","0, ","650, ","40, ","±30, ","4.5, ","65, ","417, ","-, ","-, ","-, ","136, ","4740, ","59, ","13600, ","120, ","-, ","TO-247-3 ","NA ","0 ","7.0089 ",
"FCH041N60E","Active","H Pb   ","N-Channel, ","PowerTrench® T1, ","TO-247, ","High Voltage, ","Standard, ","0, ","Single, ","0, ","600, ","41, ","DC: ±20, AC: ±30, ","3.5, ","77, ","592, ","-, ","-, ","-, ","285, ","10300, ","105, ","18000, ","355, ","4, ","TO-247-3 ","NA ","0 ","7.2042 ",
"FCH041N60F","Active","H Pb   ","N-Channel, ","PowerTrench® T1, ","TO-247, ","High Voltage, ","Standard, ","0, ","Single, ","0, ","600, ","41, ","DC: ±20, AC: ±30, ","5, ","76, ","595, ","-, ","-, ","-, ","277, ","10800, ","116, ","1790, ","324, ","4.5, ","TO-247-3 ","NA ","0 ","5.5373 ",
"FCH041N65EF-F155","Active","H Pb   ","N-Channel, ","PowerTrench® T1, ","TO-247, ","High Voltage, ","Standard, ","0, ","Single, ","0, ","650, ","41, ","DC: ±20, AC: ±30, ","5, ","76, ","595, ","-, ","-, ","-, ","229, ","9446, ","90, ","1500, ","366, ","35, ","TO-247-3 ","NA ","0 ","8.2271 ",
"FCH041N65EFL4","Active","H Pb   ","N-Channel, ","PowerTrench® T1, ","TO-247, ","High Voltage, ","Standard, ","0, ","Single, ","0, ","650, ","41, ","DC: ±20, AC: ±30, ","5, ","76, ","595, ","-, ","-, ","-, ","229, ","9446, ","90, ","1500, ","366, ","35, ","TO-247-4 ","NA ","0 ","8.9184 ",
"FCH041N65F-F085","Active, Not Rec","H Pb A P ","N-Channel, ","PowerTrench® T1, ","TO-247, ","High Voltage, ","Standard, ","0, ","Single, ","0, ","650, ","41, ","±20, ","5, ","76, ","595, ","-, ","-, ","-, ","234, ","10200, ","90, ","2000, ","10529, ","227, ","TO-247-3 ","NA ","0 ","12.3173 ",
"FCH060N80-F155","Active","H Pb   ","N-Channel, ","PowerTrench® T1, ","TO-247, ","High Voltage, ","Standard, ","0, ","Single, ","0, ","800, ","60, ","DC: ±20, AC: ±30, ","4.5, ","58, ","500, ","-, ","-, ","-, ","270, ","11040, ","100, ","35000, ","298, ","10, ","TO-247-3 ","NA ","0 ","9.8515 ",
"FCH067N65S3-F155","Active","H Pb   ","N-Channel, ","PowerTrench® T1, ","TO-247, ","High Voltage, ","Standard, ","0, ","Single, ","0, ","650, ","67, ","±30, ","4.5, ","44, ","312, ","-, ","-, ","-, ","78, ","3090, ","30, ","9200, ","68, ","-, ","TO-247-3 ","NA ","0 ","3.1757 ",
"FCH070N60E","Active","H Pb   ","N-Channel, ","PowerTrench® T1, ","TO-247, ","High Voltage, ","Standard, ","0, ","Single, ","0, ","600, ","70, ","DC: ±20, AC: ±30, ","3.5, ","52, ","481, ","-, ","-, ","-, ","128, ","3705, ","54, ","10400, ","116, ","12.3, ","TO-247-3 ","NA ","0 ","3.8998 ",
"FCH072N60","Active","H Pb   ","N-Channel, ","PowerTrench® T1, ","TO-247, ","High Voltage, ","Standard, ","0, ","Single, ","0, ","600, ","72, ","DC: ±20, AC: ±30, ","3.5, ","52, ","481, ","-, ","-, ","-, ","95, ","4430, ","24, ","13000, ","115, ","4.43, ","TO-247-3 ","NA ","0 ","4.7842 ",
"FCH072N60F","Active","H Pb   ","N-Channel, ","PowerTrench® T1, ","TO-247, ","High Voltage, ","Standard, ","0, ","Single, ","0, ","600, ","72, ","DC: ±20, AC: ±30, ","5, ","52, ","481, ","-, ","-, ","-, ","165, ","6510, ","66, ","1290, ","205, ","1.5, ","TO-247-3 ","NA ","0 ","4.6868 ",
"FCH077N65F-F155","Active","H Pb   ","N-Channel, ","PowerTrench® T1, ","TO-247, ","High Voltage, ","Standard, ","0, ","Single, ","0, ","650, ","77, ","DC: ±20, AC: ±30, ","5, ","54, ","481, ","-, ","-, ","-, ","126, ","5345, ","53, ","900, ","165, ","0.8, ","TO-247-3 ","NA ","0 ","5.0528 ",
"FCH077N65F-F085","Active, Not Rec","H Pb A P ","N-Channel, ","PowerTrench® T1, ","TO-247, ","High Voltage, ","Standard, ","0, ","Single, ","0, ","650, ","77, ","±20, ","5, ","54, ","481, ","-, ","-, ","-, ","126, ","5385, ","53, ","1500, ","5629, ","194, ","TO-247-3 ","NA ","0 ","8.5689 ",
"FCH099N65S3-F155","Active","H Pb   ","N-Channel, ","PowerTrench® T1, ","TO-247, ","High Voltage, ","Standard, ","0, ","Single, ","0, ","650, ","99, ","±30, ","4.5, ","30, ","227, ","-, ","-, ","-, ","61, ","2480, ","25, ","8400, ","55, ","-, ","TO-247-3 ","NA ","0 ","3.7282 ",
"FCH104N60F","Active","H Pb   ","N-Channel, ","PowerTrench® T1, ","TO-247, ","High Voltage, ","Standard, ","0, ","Single, ","0, ","600, ","104, ","DC: ±20, AC: ±30, ","5, ","37, ","357, ","-, ","-, ","-, ","107, ","4475, ","44, ","910, ","135, ","1.5, ","TO-247-3 ","NA ","0 ","3.516 ",
"FCH104N60F-F085","Active, Not Rec","H Pb A P ","N-Channel, ","PowerTrench® T1, ","TO-247, ","High Voltage, ","Standard, ","0, ","Single, ","0, ","600, ","104, ","±20, ","5, ","37, ","357, ","-, ","-, ","-, ","109, ","4302, ","46, ","1223, ","134, ","1.7, ","TO-247-3 ","NA ","0 ","4.6857 ",
"FCH110N65F-F155","Active","H Pb   ","N-Channel, ","PowerTrench® T1, ","TO-247, ","High Voltage, ","Standard, ","0, ","Single, ","0, ","650, ","110, ","DC: ±20, AC: ±30, ","5, ","35, ","357, ","-, ","-, ","-, ","98, ","3680, ","43, ","670, ","110, ","0.65, ","TO-247-3 ","NA ","0 ","3.9754 ",
"FCH125N65S3R0-F155","Active","H Pb   ","N-Channel, ","PowerTrench® T1, ","TO-247, ","High Voltage, ","Standard, ","0, ","Single, ","0, ","650, ","105, ","30, ","4.5, ","24, ","181, ","-, ","-, ","-, ","46, ","1940, ","19, ","5700, ","40, ","-, ","TO-247-3 ","NA ","0 ","3.009 ",
"FCH165N60E","Active","H Pb   ","N-Channel, ","PowerTrench® T1, ","TO-247, ","High Voltage, ","Standard, ","0, ","Single, ","0, ","600, ","165, ","DC: ±20, AC: ±30, ","3.5, ","23, ","227, ","-, ","-, ","-, ","57, ","1830, ","24, ","5300, ","50, ","8.6, ","TO-247-3 ","NA ","0 ","2.9264 ",
"FCH165N65S3R0-F155","Active","H Pb   ","N-Channel, ","PowerTrench® T1, ","TO-247, ","High Voltage, ","Standard, ","0, ","Single, ","0, ","650, ","165, ","30, ","4.5, ","19, ","154, ","-, ","-, ","-, ","39, ","-, ","-, ","-, ","-, ","-, ","TO-247-3 ","NA ","0 ","2.7594 ",
"FCH190N65F-F155","Active","H Pb   ","N-Channel, ","PowerTrench® T1, ","TO-247, ","High Voltage, ","Standard, ","0, ","Single, ","0, ","650, ","190, ","DC: ±20, AC: ±30, ","5, ","20.6, ","208, ","-, ","-, ","-, ","60, ","2425, ","25, ","515, ","78, ","0.68, ","TO-247-3 ","NA ","0 ","3.0215 ",
"FCH47N60-F133","Active"," Pb   ","N-Channel, ","PowerTrench® T1, ","TO-247, ","High Voltage, ","Standard, ","0, ","Single, ","0, ","600, ","70, ","-, ","-, ","47, ","417, ","-, ","-, ","-, ","210, ","-, ","-, ","-, ","-, ","-, ","TO-247-3 ","NA ","0 ","6.4162 ",
"FCH47N60F-F133","Active"," Pb   ","N-Channel, ","PowerTrench® T1, ","TO-247, ","High Voltage, ","Standard, ","0, ","Single, ","0, ","600, ","73, ","-, ","-, ","47, ","417, ","-, ","-, ","-, ","210, ","-, ","-, ","-, ","-, ","-, ","TO-247-3 ","NA ","0 ","7.0266 ",
"FCI7N60","Active","H Pb   ","N-Channel, ","PowerTrench® T1, ","I2PAK-3, ","High Voltage, ","Standard, ","0, ","Single, ","0, ","600, ","600, ","±30, ","5, ","7, ","83, ","-, ","-, ","-, ","23, ","710, ","11.5, ","4500, ","380, ","34, ","I2PAK-3 / D2PAK-3 STRAIGHT LEAD ","NA ","0 ","1.2967 ",
"FCMT080N65S3","Active","H Pb   ","N-Channel, ","PowerTrench® T1, ","Power 88, ","High Voltage, ","Standard, ","0, ","Single, ","0, ","650, ","80, ","30, ","4.5, ","38, ","260, ","~NA~, ","~NA~, ","~NA~, ","71, ","2765, ","~NA~, ","405, ","65, ","13, ","TDFN4 8.00x8.00x1.00, 2.00P ","1 ","260 ","2.58 ",
"FCMT099N65S3","Active","H Pb   ","N-Channel, ","PowerTrench® T1, ","Power 88, ","High Voltage, ","Standard, ","0, ","Single, ","0, ","650, ","99, ","30, ","4.5, ","30, ","227, ","-, ","-, ","-, ","56, ","2270, ","23, ","6500, ","50, ","-, ","PQFN-4 ","1 ","260 ","3.0225 ",
"FCMT125N65S3","Active","H Pb   ","N-Channel, ","PowerTrench® T1, ","Power 88, ","High Voltage, ","Standard, ","0, ","Single, ","0, ","650, ","125, ","30, ","4.5, ","24, ","181, ","~NA~, ","~NA~, ","~NA~, ","49, ","1920, ","~NA~, ","5700, ","44, ","10, ","PQFN-4 ","1 ","260 ","2.6886 ",
"FCMT180N65S3","Active","H Pb   ","N-Channel, ","PowerTrench® T1, ","Power 88, ","High Voltage, ","Standard, ","0, ","Single, ","0, ","650, ","180, ","30, ","4.5, ","17, ","139, ","-, ","-, ","-, ","33, ","1350, ","14, ","3900, ","30, ","6, ","PQFN-4 ","1 ","260 ","2.2828 ",
"FCMT199N60","Active","H Pb   ","N-Channel, ","PowerTrench® T1, ","Power 88, ","High Voltage, ","Standard, ","0, ","Single, ","0, ","600, ","199, ","DC: ±20, AC: ±30, ","3.5, ","20.2, ","208, ","-, ","-, ","-, ","57, ","2043, ","21, ","5100, ","45, ","7, ","PQFN-4 ","1 ","260 ","2.4438 ",
"FCMT250N65S3","Active","H Pb   ","N-Channel, ","PowerTrench® T1, ","Power 88, ","High Voltage, ","Standard, ","0, ","Single, ","0, ","650, ","250, ","30, ","4.5, ","12, ","90, ","-, ","-, ","-, ","24, ","1010, ","9.7, ","3400, ","25, ","-, ","PQFN-4 ","1 ","260 ","1.8485 ",
"FCMT299N60","Active","H Pb   ","N-Channel, ","PowerTrench® T1, ","Power 88, ","High Voltage, ","Standard, ","0, ","Single, ","0, ","600, ","299, ","DC: ±20, AC: ±30, ","3.5, ","12, ","125, ","-, ","-, ","-, ","39, ","1465, ","14, ","3800, ","30, ","4.87, ","PQFN-4 ","1 ","260 ","1.8639 ",
"FCMT360N65S3","Active","H Pb   ","N-Channel, ","PowerTrench® T1, ","Power 88, ","High Voltage, ","Standard, ","0, ","Single, ","0, ","650, ","360, ","30, ","4.5, ","10, ","83, ","~NA~, ","~NA~, ","~NA~, ","18, ","730, ","~NA~, ","2.4, ","15, ","3.4, ","PQFN-4 ","1 ","260 ","1.676 ",
"FCP067N65S3","Active","H Pb   ","N-Channel, ","PowerTrench® T1, ","TO-220, ","High Voltage, ","Standard, ","0, ","Single, ","0, ","650, ","67, ","±30, ","4.5, ","44, ","312, ","-, ","-, ","-, ","78, ","3090, ","30, ","9200, ","68, ","-, ","TO-220-3 ","NA ","0 ","3.2688 ",
"FCP099N65S3","Active","H Pb   ","N-Channel, ","PowerTrench® T1, ","TO-220, ","High Voltage, ","Standard, ","0, ","Single, ","0, ","650, ","99, ","±30, ","4.5, ","30, ","227, ","-, ","-, ","-, ","61, ","2480, ","25, ","8400, ","55, ","-, ","TO-220-3 ","NA ","0 ","2.5381 ",
"FCP104N60","Active","H Pb   ","N-Channel, ","PowerTrench® T1, ","TO-220, ","High Voltage, ","Standard, ","0, ","Single, ","0, ","600, ","104, ","DC: ±20, AC: ±30, ","3.5, ","37, ","357, ","-, ","-, ","-, ","63, ","3130, ","15, ","8800, ","75, ","3.66, ","TO-220-3 ","NA ","0 ","2.7045 ",
"FCP104N60F","Active","H Pb   ","N-Channel, ","PowerTrench® T1, ","TO-220, ","High Voltage, ","Standard, ","0, ","Single, ","0, ","600, ","104, ","DC: ±20, AC: ±30, ","5, ","37, ","357, ","-, ","-, ","-, ","110, ","4610, ","44, ","910, ","3255, ","155, ","TO-220-3 ","NA ","0 ","2.8521 ",
"FCP110N65F","Active","H Pb   ","N-Channel, ","PowerTrench® T1, ","TO-220, ","High Voltage, ","Standard, ","0, ","Single, ","0, ","650, ","110, ","DC: ±20, AC: ±30, ","5, ","35, ","357, ","-, ","-, ","-, ","98, ","3680, ","43, ","670, ","110, ","0.65, ","TO-220-3 ","NA ","0 ","3.0982 ",
"FCP11N60","Active","H Pb   ","N-Channel, ","PowerTrench® T1, ","TO-220, ","High Voltage, ","Standard, ","0, ","Single, ","0, ","600, ","380, ","5, ","5, ","11, ","125, ","-, ","-, ","-, ","40, ","1148, ","21, ","5700, ","671, ","63, ","TO-220-3 ","NA ","0 ","1.6104 ",
"FCP11N60F","Active","H Pb   ","N-Channel, ","PowerTrench® T1, ","TO-220, ","High Voltage, ","Standard, ","0, ","Single, ","0, ","600, ","380, ","±30, ","5, ","11, ","125, ","-, ","-, ","-, ","40, ","1148, ","21, ","800, ","671, ","63, ","TO-220-3 ","NA ","0 ","1.4929 ",
"FCP125N65S3","Active","H Pb   ","N-Channel, ","PowerTrench® T1, ","TO-220, ","High Voltage, ","Standard, ","0, ","Single, ","0, ","650, ","125, ","±30, ","4.5, ","24, ","181, ","-, ","-, ","-, ","46, ","1940, ","19, ","5700, ","40, ","-, ","TO-220-3 ","NA ","0 ","2.0456 ",
"FCP125N65S3R0","Active","H Pb   ","N-Channel, ","PowerTrench® T1, ","TO-220, ","High Voltage, ","Standard, ","0, ","Single, ","0, ","650, ","125, ","30, ","4.5, ","24, ","181, ","-, ","-, ","-, ","46, ","1940, ","19, ","5700, ","40, ","-, ","TO-220-3 ","NA ","0 ","1.9951 ",
"FCP130N60","Active","H Pb   ","N-Channel, ","PowerTrench® T1, ","TO-220, ","High Voltage, ","Standard, ","0, ","Single, ","0, ","600, ","130, ","DC: ±20, AC: ±30, ","3.5, ","28, ","278, ","-, ","-, ","-, ","54, ","2700, ","14, ","7600, ","65, ","2.85, ","TO-220-3 ","NA ","0 ","2.5401 ",
"FCP150N65F","Active","H Pb   ","N-Channel, ","PowerTrench® T1, ","TO-220, ","High Voltage, ","Standard, ","0, ","Single, ","0, ","650, ","150, ","DC: ±20, AC: ±30, ","5, ","24, ","298, ","-, ","-, ","-, ","72, ","2810, ","31, ","597, ","91, ","0.77, ","TO-220-3 ","NA ","0 ","2.4664 ",
"FCP165N60E","Active","H Pb   ","N-Channel, ","PowerTrench® T1, ","TO-220, ","High Voltage, ","Standard, ","0, ","Single, ","0, ","600, ","165, ","DC: ±20, AC: ±30, ","3.5, ","23, ","227, ","-, ","-, ","-, ","57, ","1830, ","24, ","5300, ","50, ","8.6, ","TO-220-3 ","NA ","0 ","1.9565 ",
"FCP165N65S3","Active","H Pb   ","N-Channel, ","PowerTrench® T1, ","TO-220, ","High Voltage, ","Standard, ","0, ","Single, ","0, ","650, ","165, ","30, ","4.5, ","19, ","154, ","-, ","-, ","-, ","39, ","1500, ","16, ","5800, ","35, ","-, ","TO-220-3 ","NA ","0 ","1.7456 ",
"FCP16N60","Active","H Pb   ","N-Channel, ","PowerTrench® T1, ","TO-220, ","High Voltage, ","Standard, ","0, ","Single, ","0, ","600, ","260, ","5, ","5, ","16, ","167, ","-, ","-, ","-, ","55, ","1730, ","28, ","7000, ","960, ","85, ","TO-220-3 ","NA ","0 ","2.0849 ",
"FCP190N60E","Active","H Pb   ","N-Channel, ","PowerTrench® T1, ","TO-220, ","High Voltage, ","Standard, ","0, ","Single, ","0, ","600, ","190, ","DC: ±20, AC: ±30, ","3.5, ","20.6, ","208, ","-, ","-, ","-, ","63, ","2385, ","24, ","4800, ","1795, ","110, ","TO-220-3 ","NA ","0 ","1.8056 ",
"FCP190N65F","Active","H Pb   ","N-Channel, ","PowerTrench® T1, ","TO-220, ","High Voltage, ","Standard, ","0, ","Single, ","0, ","650, ","190, ","DC: ±20, AC: ±30, ","5, ","20.6, ","208, ","-, ","-, ","-, ","60, ","2425, ","25, ","515, ","2110, ","105, ","TO-220-3 ","NA ","0 ","2.0498 ",
"FCP190N65S3","Active","H Pb   ","N-Channel, ","PowerTrench® T1, ","TO-220, ","High Voltage, ","Standard, ","0, ","Single, ","0, ","650, ","190, ","±30, ","4.5, ","17, ","144, ","-, ","-, ","-, ","33, ","1350, ","14, ","4900, ","30, ","-, ","TO-220-3 ","NA ","0 ","1.6034 ",
"FCP190N65S3R0","Active","H Pb   ","N-Channel, ","PowerTrench® T1, ","TO-220, ","High Voltage, ","Standard, ","0, ","Single, ","0, ","650, ","159, ","±30, ","4.5, ","17, ","144, ","-, ","-, ","-, ","33, ","1350, ","14, ","4900, ","30, ","-, ","TO-220-3 ","NA ","0 ","0.8021 ",
"FCP20N60","Active","H Pb   ","N-Channel, ","PowerTrench® T1, ","TO-220, ","High Voltage, ","Standard, ","0, ","Single, ","0, ","600, ","190, ","5, ","5, ","20, ","208, ","-, ","-, ","-, ","75, ","2370, ","36, ","10500, ","1280, ","95, ","TO-220-3 ","NA ","0 ","2.8858 ",
"FCP260N65S3","Active","H Pb   ","N-Channel, ","PowerTrench® T1, ","TO-220, ","High Voltage, ","Standard, ","0, ","Single, ","0, ","650, ","260, ","±30, ","4.5, ","12, ","90, ","-, ","-, ","-, ","24, ","1010, ","9.7, ","3400, ","25, ","-, ","TO-220-3 ","NA ","0 ","1.2813 ",
"FCP360N65S3R0","Active","H Pb   ","N-Channel, ","PowerTrench® T1, ","TO-220, ","High Voltage, ","Standard, ","0, ","Single, ","0, ","650, ","360, ","30, ","4.5, ","10, ","83, ","-, ","-, ","-, ","18, ","730, ","7.6, ","2400, ","15, ","-, ","TO-220-3 ","NA ","0 ","1.0715 ",
"FCP400N80Z","Active","H Pb   ","N-Channel, ","PowerTrench® T1, ","TO-220, ","High Voltage, ","Standard, ","0, ","Single, ","0, ","800, ","400, ","DC: ±20, AC: ±30, ","4.5, ","14, ","195, ","-, ","-, ","-, ","43, ","1770, ","17, ","7400, ","51, ","0.5, ","TO-220-3 ","NA ","0 ","1.6492 ",
"FCP600N65S3R0","Active","H Pb   ","N-Channel, ","PowerTrench® T1, ","TO-220, ","High Voltage, ","Standard, ","0, ","Single, ","0, ","650, ","600, ","30, ","4.5, ","6, ","54, ","-, ","-, ","-, ","11, ","465, ","4.9, ","1600, ","10, ","-, ","TO-220-3 ","NA ","0 ","0.9429 ",
"FCP7N60","Active","H Pb   ","N-Channel, ","PowerTrench® T1, ","TO-220, ","High Voltage, ","Standard, ","0, ","Single, ","0, ","600, ","600, ","±30, ","5, ","7, ","83, ","-, ","-, ","-, ","23, ","710, ","11.5, ","4500, ","380, ","34, ","TO-220-3 ","NA ","0 ","1.1142 ",
"FCP850N80Z","Active","H Pb   ","N-Channel, ","PowerTrench® T1, ","TO-220, ","High Voltage, ","Standard, ","0, ","Single, ","0, ","800, ","850, ","DC: ±20, AC: ±30, ","4.5, ","8, ","136, ","-, ","-, ","-, ","22, ","990, ","8.6, ","4500, ","28, ","0.74, ","TO-220-3 ","NA ","0 ","1.1868 ",
"FCPF067N65S3","Active","H Pb   ","N-Channel, ","PowerTrench® T1, ","TO-220FP, ","High Voltage, ","Standard, ","0, ","Single, ","0, ","650, ","67, ","±30, ","4.5, ","44, ","46, ","-, ","-, ","-, ","78, ","3090, ","30, ","9200, ","68, ","-, ","TO-220-3 FullPak ","NA ","0 ","3.485 ",
"FCPF099N65S3","Active","H Pb   ","N-Channel, ","PowerTrench® T1, ","TO-220FP, ","High Voltage, ","Standard, ","0, ","Single, ","0, ","650, ","99, ","±30, ","4.5, ","30, ","43, ","-, ","-, ","-, ","57, ","2310, ","23, ","7200, ","50, ","-, ","TO-220-3 FullPak ","NA ","0 ","2.6298 ",
"FCPF11N60","Active"," Pb   ","N-Channel, ","PowerTrench® T1, ","TO-220FP, ","High Voltage, ","Standard, ","0, ","Single, ","0, ","600, ","380, ","5, ","5, ","11, ","36, ","-, ","-, ","-, ","40, ","1148, ","21, ","5700, ","671, ","63, ","TO-220-3 FullPak ","NA ","0 ","1.7489 ",
"FCPF11N60F","Active"," Pb   ","N-Channel, ","PowerTrench® T1, ","TO-220FP, ","High Voltage, ","Standard, ","0, ","Single, ","0, ","600, ","380, ","5, ","5, ","11, ","36, ","-, ","-, ","-, ","40, ","1148, ","21, ","800, ","671, ","63, ","TO-220-3 FullPak ","NA ","0 ","1.9658 ",
"FCPF11N60T","Active"," Pb   ","N-Channel, ","PowerTrench® T1, ","TO-220FP, ","High Voltage, ","Standard, ","0, ","Single, ","0, ","600, ","380, ","5, ","5, ","11, ","36, ","-, ","-, ","-, ","40, ","1148, ","21, ","5700, ","671, ","63, ","TO-220-3 FullPak ","NA ","0 ","1.8625 ",
"FCPF125N65S3","Active","H Pb   ","N-Channel, ","PowerTrench® T1, ","TO-220FP, ","High Voltage, ","Standard, ","0, ","Single, ","0, ","650, ","125, ","±30, ","4.5, ","24, ","38, ","-, ","-, ","-, ","44, ","1790, ","19, ","6360, ","40, ","-, ","TO-220-3 FullPak ","NA ","0 ","2.2779 ",
"FCPF1300N80Z","Active","H Pb   ","N-Channel, ","PowerTrench® T1, ","TO-220FP, ","High Voltage, ","Standard, ","0, ","Single, ","0, ","800, ","1300, ","DC: ±20, AC: ±30, ","4.5, ","4, ","24, ","-, ","-, ","-, ","16.2, ","661, ","6.8, ","2900, ","22.3, ","0.74, ","TO-220-3 FullPak ","NA ","0 ","1.1114 ",
"FCPF150N65F","Active","H Pb   ","N-Channel, ","PowerTrench® T1, ","TO-220FP, ","High Voltage, ","Standard, ","0, ","Single, ","0, ","650, ","150, ","DC: ±20, AC: ±30, ","5, ","24, ","39, ","-, ","-, ","-, ","72, ","2810, ","31, ","597, ","91, ","0.77, ","TO-220-3 FullPak ","NA ","0 ","2.5372 ",
"FCPF16N60","Active"," Pb   ","N-Channel, ","PowerTrench® T1, ","TO-220FP, ","High Voltage, ","Standard, ","0, ","Single, ","0, ","600, ","260, ","±30, ","5, ","16, ","37.9, ","-, ","-, ","-, ","55, ","1630, ","28, ","7000, ","960, ","85, ","TO-220-3 FullPak ","NA ","0 ","2.2718 ",
"FCPF190N60","Active","H Pb   ","N-Channel, ","PowerTrench® T1, ","TO-220FP, ","High Voltage, ","Standard, ","0, ","Single, ","0, ","600, ","199, ","DC: ±20, AC: ±30, ","3.5, ","20.2, ","39, ","-, ","-, ","-, ","57, ","2220, ","21, ","5100, ","1630, ","85, ","TO-220-3 FullPak ","NA ","0 ","1.6942 ",
"FCPF190N60-F154","Active, Not Rec","H Pb   ","N-Channel, ","PowerTrench® T1, ","TO-220, ","High Voltage, ","Standard, ","0, ","Single, ","0, ","600, ","199, ","20, ","3.5, ","20.2, ","39, ","~NA~, ","~NA~, ","~NA~, ","57, ","2220, ","~NA~, ","3800, ","1630, ","7, ","TO-220 FULLPACK, 3-LEAD (ULTRA NARROW LEAD) ","NA ","0 ","1.9884 ",
"FCPF190N60E","Active","H Pb   ","N-Channel, ","PowerTrench® T1, ","TO-220FP, ","High Voltage, ","Standard, ","0, ","Single, ","0, ","600, ","190, ","DC: ±20, AC: ±30, ","3.5, ","20.6, ","39, ","-, ","-, ","-, ","63, ","2385, ","24, ","4800, ","1795, ","110, ","TO-220-3 FullPak ","NA ","0 ","1.8965 ",
"FCPF190N60E-F154","Active, Not Rec","H Pb   ","N-Channel, ","PowerTrench® T1, ","TO-220, ","High Voltage, ","Standard, ","0, ","Single, ","0, ","600, ","190, ","20, ","3.5, ","20.6, ","39, ","~NA~, ","~NA~, ","~NA~, ","63, ","2385, ","~NA~, ","4800, ","1795, ","110, ","TO-220 FULLPACK, 3-LEAD (ULTRA NARROW LEAD) ","NA ","0 ","2.1539 ",
"FCPF190N65FL1-F154","Active, Not Rec","H Pb   ","N-Channel, ","PowerTrench® T1, ","TO-220, ","High Voltage, ","Standard, ","0, ","Single, ","0, ","650, ","190, ","20, ","5, ","20.6, ","39, ","~NA~, ","~NA~, ","~NA~, ","60, ","2350, ","~NA~, ","515, ","77, ","7.5, ","TO-220 FULLPACK, 3-LEAD (ULTRA NARROW LEAD) ","NA ","0 ","2.4646 ",
"FCPF20N60","Active"," Pb   ","N-Channel, ","PowerTrench® T1, ","TO-220FP, ","High Voltage, ","Standard, ","0, ","Single, ","0, ","600, ","190, ","5, ","5, ","20, ","39, ","-, ","-, ","-, ","75, ","2370, ","36, ","10500, ","65, ","95, ","TO-220-3 FullPak ","NA ","0 ","2.8926 ",
"FCPF220N80","Active","H Pb   ","N-Channel, ","PowerTrench® T1, ","TO-220FP, ","High Voltage, ","Standard, ","0, ","Single, ","0, ","800, ","220, ","DC: ±20, AC: ±30, ","4.5, ","23, ","44, ","-, ","-, ","-, ","78, ","3430, ","28, ","14000, ","100, ","0.3, ","TO-220-3 FullPak ","NA ","0 ","2.8936 ",
"FCPF250N65S3L1-F154","Active, Not Rec","H Pb   ","N-Channel, ","PowerTrench® T1, ","TO-220, ","High Voltage, ","Standard, ","0, ","Single, ","0, ","650, ","250, ","30, ","4.5, ","12, ","31, ","~NA~, ","~NA~, ","~NA~, ","24, ","1010, ","~NA~, ","3400, ","25, ","3.4, ","TO-220 FULLPACK, 3-LEAD (ULTRA NARROW LEAD) ","NA ","0 ","1.5073 ",
"FCPF250N65S3R0L-F154","Active, Not Rec","H Pb   ","N-Channel, ","PowerTrench® T1, ","TO-220, ","High Voltage, ","Standard, ","0, ","Single, ","0, ","650, ","250, ","30, ","4.5, ","12, ","31, ","~NA~, ","~NA~, ","~NA~, ","24, ","1010, ","~NA~, ","3400, ","25, ","3.4, ","TO-220 FULLPACK, 3-LEAD (ULTRA NARROW LEAD) ","NA ","0 ","1.4825 ",
"FCPF260N60E","Active","H Pb   ","N-Channel, ","PowerTrench® T1, ","TO-220FP, ","High Voltage, ","Standard, ","0, ","Single, ","0, ","600, ","260, ","DC: ±20, AC: ±30, ","3.5, ","15, ","36, ","-, ","-, ","-, ","48, ","1810, ","17, ","3600, ","1330, ","85, ","TO-220-3 FullPak ","NA ","0 ","1.5476 ",
"FCPF260N65FL1-F154","Active","H Pb   ","N-Channel, ","PowerTrench® T1, ","TO-220, ","High Voltage, ","Standard, ","0, ","Single, ","0, ","650, ","260, ","20, ","5, ","15, ","36, ","~NA~, ","~NA~, ","~NA~, ","46, ","1760, ","~NA~, ","450, ","59, ","1, ","TO-220 FULLPACK, 3-LEAD (ULTRA NARROW LEAD) ","NA ","0 ","2.0561 ",
"FCPF290N80","Active","H Pb   ","N-Channel, ","PowerTrench® T1, ","TO-220FP, ","High Voltage, ","Standard, ","0, ","Single, ","0, ","800, ","290, ","DC: ±20, AC: ±30, ","4.5, ","17, ","40, ","-, ","-, ","-, ","58, ","2410, ","22, ","12000, ","75, ","0.36, ","TO-220-3 FullPak ","NA ","0 ","2.9294 ",
"FCPF360N65S3R0L-F154","Active, Not Rec","H Pb   ","N-Channel, ","PowerTrench® T1, ","TO-220, ","High Voltage, ","Standard, ","0, ","Single, ","0, ","650, ","360, ","30, ","4.5, ","10, ","27, ","~NA~, ","~NA~, ","~NA~, ","18, ","730, ","~NA~, ","2400, ","15, ","3.4, ","TO-220 FULLPACK, 3-LEAD (ULTRA NARROW LEAD) ","NA ","0 ","1.2837 ",
"FCPF380N60-F154","Active, Not Rec","H Pb   ","N-Channel, ","PowerTrench® T1, ","TO-220, ","High Voltage, ","Standard, ","0, ","Single, ","0, ","600, ","380, ","20, ","3.5, ","10.2, ","31, ","~NA~, ","~NA~, ","~NA~, ","30, ","1250, ","~NA~, ","2700, ","905, ","45, ","TO-220 FULLPACK, 3-LEAD (ULTRA NARROW LEAD) ","NA ","0 ","1.4417 ",
"FCPF380N60E","Active","H Pb   ","N-Channel, ","PowerTrench® T1, ","TO-220FP, ","High Voltage, ","Standard, ","0, ","Single, ","0, ","600, ","380, ","DC: ±20, AC: ±30, ","3.5, ","10.2, ","31, ","-, ","-, ","-, ","34, ","1330, ","13, ","3000, ","945, ","60, ","TO-220-3 FullPak ","NA ","0 ","1.2624 ",
"FCPF380N60E-F154","Active, Not Rec","H Pb   ","N-Channel, ","PowerTrench® T1, ","TO-220, ","High Voltage, ","Standard, ","0, ","Single, ","0, ","600, ","380, ","20, ","3.5, ","10.2, ","31, ","~NA~, ","~NA~, ","~NA~, ","34, ","1330, ","~NA~, ","3000, ","945, ","60, ","TO-220 FULLPACK, 3-LEAD (ULTRA NARROW LEAD) ","NA ","0 ","1.5333 ",
"FCPF380N65FL1-F154","Active, Not Rec","H Pb   ","N-Channel, ","PowerTrench® T1, ","TO-220, ","High Voltage, ","Standard, ","0, ","Single, ","0, ","650, ","380, ","20, ","5, ","10.2, ","33, ","~NA~, ","~NA~, ","~NA~, ","33, ","1265, ","~NA~, ","224, ","42, ","1, ","TO-220 FULLPACK, 3-LEAD (ULTRA NARROW LEAD) ","NA ","0 ","1.5836 ",
"FCPF400N80Z","Active","H Pb   ","N-Channel, ","PowerTrench® T1, ","TO-220FP, ","High Voltage, ","Standard, ","0, ","Single, ","0, ","800, ","400, ","DC: ±20, AC: ±30, ","4.5, ","11, ","35.7, ","-, ","-, ","-, ","43, ","1770, ","17, ","7400, ","51, ","0.5, ","TO-220-3 FullPak ","NA ","0 ","1.8038 ",
"FCPF400N80ZL1-F154","Active, Not Rec","H Pb   ","N-Channel, ","PowerTrench® T1, ","TO-220, ","High Voltage, ","Standard, ","0, ","Single, ","0, ","800, ","400, ","20, ","4.5, ","11, ","35.7, ","~NA~, ","~NA~, ","~NA~, ","43, ","1770, ","~NA~, ","7400, ","51, ","0.5, ","TO-220 FULLPACK, 3-LEAD (ULTRA NARROW LEAD) ","NA ","0 ","2.0767 ",
"FCPF600N60ZL1-F154","Active, Not Rec","H Pb   ","N-Channel, ","PowerTrench® T1, ","TO-220, ","High Voltage, ","Standard, ","0, ","Single, ","0, ","600, ","600, ","20, ","3.5, ","7.4, ","28, ","~NA~, ","~NA~, ","~NA~, ","20, ","840, ","~NA~, ","2300, ","630, ","30, ","TO-220 FULLPACK, 3-LEAD (ULTRA NARROW LEAD) ","NA ","0 ","1.6765 ",
"FCPF600N65S3R0L-F154","Active, Not Rec","H Pb   ","N-Channel, ","PowerTrench® T1, ","TO-220, ","High Voltage, ","Standard, ","0, ","Single, ","0, ","650, ","600, ","30, ","4.5, ","6, ","24, ","~NA~, ","~NA~, ","~NA~, ","11, ","465, ","~NA~, ","1600, ","10, ","2.4, ","TO-220 FULLPACK, 3-LEAD (ULTRA NARROW LEAD) ","NA ","0 ","1.1083 ",
"FCPF650N80Z","Active","H Pb   ","N-Channel, ","PowerTrench® T1, ","TO-220FP, ","High Voltage, ","Standard, ","0, ","Single, ","0, ","800, ","650, ","DC: ±20, AC: ±30, ","4.5, ","8, ","30.5, ","-, ","-, ","-, ","27, ","1178, ","11, ","5900, ","36, ","0.84, ","TO-220-3 FullPak ","NA ","0 ","1.4597 ",
"FCPF850N80Z","Active","H Pb   ","N-Channel, ","PowerTrench® T1, ","TO-220FP, ","High Voltage, ","Standard, ","0, ","Single, ","0, ","800, ","850, ","DC: ±20, AC: ±30, ","4.5, ","6, ","28.4, ","-, ","-, ","-, ","22, ","990, ","8.6, ","4500, ","28, ","0.74, ","TO-220-3 FullPak ","NA ","0 ","1.2962 ",
"FDA16N50-F109","Active"," Pb   ","N-Channel, ","PowerTrench® T1, ","TO-3PN, ","High Voltage, ","Standard, ","0, ","Single, ","0, ","500, ","380, ","±30, ","5, ","16.5, ","205, ","-, ","-, ","-, ","32, ","1495, ","14, ","5000, ","235, ","20, ","TO-3P-3L ","NA ","0 ","1.433 ",
"FDA24N40F","Active"," Pb   ","N-Channel, ","PowerTrench® T1, ","TO-3PN, ","High Voltage, ","Standard, ","0, ","Single, ","0, ","400, ","190, ","±30, ","5, ","23, ","235, ","-, ","-, ","-, ","46, ","2280, ","18, ","300, ","370, ","25, ","TO-3P-3L ","NA ","0 ","2.2197 ",
"FDA24N50F","Active"," Pb   ","N-Channel, ","PowerTrench® T1, ","TO-3PN, ","High Voltage, ","Standard, ","0, ","Single, ","0, ","500, ","200, ","±30, ","5, ","24, ","270, ","-, ","-, ","-, ","65, ","3240, ","26, ","1400, ","450, ","32, ","TO-3P-3L ","NA ","0 ","2.3437 ",
"FDA28N50","Active"," Pb   ","N-Channel, ","PowerTrench® T1, ","TO-3PN, ","High Voltage, ","Standard, ","0, ","Single, ","0, ","500, ","155, ","±30, ","5, ","28, ","310, ","-, ","-, ","-, ","80, ","3866, ","32, ","8000, ","576, ","42, ","TO-3P-3L ","NA ","0 ","2.6022 ",
"FDA38N30","Active"," Pb   ","N-Channel, ","PowerTrench® T1, ","TO-3PN, ","High Voltage, ","Standard, ","0, ","Single, ","0, ","300, ","85, ","±30, ","5, ","38, ","312, ","-, ","-, ","-, ","60, ","2600, ","28, ","4000, ","500, ","60, ","TO-3P-3L ","NA ","0 ","2.0719 ",
"FDA59N30","Active"," Pb   ","N-Channel, ","PowerTrench® T1, ","TO-3PN, ","High Voltage, ","Standard, ","0, ","Single, ","0, ","300, ","56, ","±30, ","5, ","59, ","500, ","-, ","-, ","-, ","77, ","3590, ","40, ","6900, ","710, ","80, ","TO-3P-3L ","NA ","0 ","2.1753 ",
"FDB12N50TM","Active","H Pb   ","N-Channel, ","PowerTrench® T1, ","D2PAK, ","High Voltage, ","Standard, ","0, ","Single, ","0, ","500, ","650, ","±30, ","5, ","11.5, ","165, ","-, ","24, ","24, ","22, ","985, ","10, ","3800, ","140, ","12, ","D2PAK-3 / TO-263-2 ","1 ","245 ","1.05 ",
"FDB15N50","Active","H Pb   ","N-Channel, ","PowerTrench® T1, ","D2PAK, ","High Voltage, ","Standard, ","0, ","Single, ","0, ","500, ","380, ","±30, ","4, ","15, ","300, ","-, ","-, ","-, ","33, ","1850, ","12, ","5, ","230, ","16, ","D2PAK-3 / TO-263-2 ","1 ","245 ","1.9904 ",
"FDB20N50F","Active","H Pb   ","N-Channel, ","PowerTrench® T1, ","D2PAK, ","High Voltage, ","Standard, ","0, ","Single, ","0, ","500, ","260, ","5, ","5, ","20, ","250, ","-, ","-, ","-, ","50, ","2550, ","20, ","500, ","350, ","27, ","D2PAK-3 / TO-263-2 ","1 ","245 ","1.5691 ",
"FDB28N30TM","Active"," Pb   ","N-Channel, ","PowerTrench® T1, ","D2PAK, ","High Voltage, ","Standard, ","0, ","Single, ","0, ","300, ","129, ","±30, ","5, ","28, ","250, ","-, ","-, ","-, ","39, ","1690, ","17, ","2700, ","305, ","35, ","D2PAK-3 / TO-263-2 ","1 ","245 ","1.038 ",
"FDB38N30U","Active","H Pb   ","N-Channel, ","PowerTrench® T1, ","D2PAK, ","High Voltage, ","Standard, ","0, ","Single, ","0, ","300, ","120, ","±30, ","5, ","38, ","313, ","-, ","-, ","-, ","56, ","2510, ","24, ","97, ","470, ","55, ","D2PAK-3 / TO-263-2 ","1 ","245 ","1.4991 ",
"FDD3N40TM","Active","H Pb   ","N-Channel, ","PowerTrench® T1, ","DPAK, ","High Voltage, ","Standard, ","0, ","Single, ","0, ","400, ","3400, ","±30, ","5, ","2, ","30, ","-, ","-, ","-, ","4.5, ","173, ","2, ","750, ","30, ","3.7, ","DPAK-3 / TO-252-3 ","1 ","260 ","0.2765 ",
"FDD5N50FTM-WS","Active","H Pb   ","N-Channel, ","PowerTrench® T1, ","TO-252-3, ","High Voltage, ","Standard, ","0, ","Single, ","0, ","500, ","1550, ","5, ","5, ","3.5, ","40, ","-, ","-, ","-, ","11, ","490, ","5, ","1800, ","66, ","5, ","DPAK-3 / TO-252-3 ","1 ","260 ","0.3668 ",
"FDD5N50NZTM","Active","H Pb   ","N-Channel, ","PowerTrench® T1, ","DPAK, ","High Voltage, ","Standard, ","0, ","Single, ","0, ","500, ","1500, ","±25, ","5, ","4, ","62, ","-, ","-, ","-, ","9, ","330, ","4, ","1100, ","50, ","4, ","DPAK-3 / TO-252-3 ","1 ","260 ","0.378 ",
"FDD5N60NZTM","Active","H Pb   ","N-Channel, ","PowerTrench® T1, ","DPAK, ","High Voltage, ","Standard, ","0, ","Single, ","0, ","600, ","2000, ","±25, ","5, ","4, ","83, ","-, ","-, ","-, ","10, ","450, ","4, ","900, ","50, ","5, ","DPAK-3 / TO-252-3 ","1 ","260 ","0.4318 ",
"FDH44N50","Active","H Pb   ","N-Channel, ","PowerTrench® T1, ","TO-247, ","High Voltage, ","Standard, ","0, ","Single, ","0, ","500, ","120, ","±30, ","4, ","44, ","750, ","-, ","-, ","-, ","90, ","5335, ","31, ","14, ","645, ","40, ","TO-247-3 ","NA ","0 ","5.3895 ",
"FDH45N50F-F133","Active","H Pb   ","N-Channel, ","PowerTrench® T1, ","TO-247, ","High Voltage, ","Standard, ","0, ","Single, ","0, ","500, ","120, ","±30, ","5, ","45, ","625, ","-, ","-, ","-, ","105, ","5100, ","45, ","640, ","790, ","26, ","TO-247-3 ","NA ","0 ","3.7138 ",
"FDL100N50F","Active","H Pb   ","N-Channel, ","PowerTrench® T1, ","TO-3, ","High Voltage, ","Standard, ","0, ","Single, ","0, ","500, ","55, ","±30, ","5, ","100, ","2500, ","-, ","-, ","-, ","238, ","12000, ","95, ","1500, ","1700, ","64, ","TO-264-3 ","NA ","0 ","12.0244 ",
"FDP18N50","Active","H Pb   ","N-Channel, ","PowerTrench® T1, ","TO-220, ","High Voltage, ","Standard, ","0, ","Single, ","0, ","500, ","265, ","±30, ","5, ","18, ","235, ","-, ","-, ","-, ","45, ","2200, ","19, ","5400, ","330, ","25, ","TO-220-3 ","NA ","0 ","1.4852 ",
"FDP20N50F","Active","H Pb   ","N-Channel, ","PowerTrench® T1, ","TO-220, ","High Voltage, ","Standard, ","0, ","Single, ","0, ","500, ","260, ","±30, ","5, ","20, ","250, ","-, ","-, ","-, ","50, ","2550, ","20, ","500, ","350, ","27, ","TO-220-3 ","NA ","0 ","1.6444 ",
"FDP22N50N","Active","H Pb   ","N-Channel, ","PowerTrench® T1, ","TO-220, ","High Voltage, ","Standard, ","0, ","Single, ","0, ","500, ","220, ","±30, ","5, ","22, ","312.5, ","-, ","-, ","-, ","49, ","2456, ","19, ","6500, ","351, ","24, ","TO-220-3 ","NA ","0 ","1.7444 ",
"FDPF12N60NZ","Active","H Pb   ","N-Channel, ","PowerTrench® T1, ","TO-220FP, ","High Voltage, ","Standard, ","0, ","Single, ","0, ","600, ","650, ","±25, ","5, ","12, ","39, ","-, ","-, ","-, ","26, ","1260, ","10, ","2200, ","150, ","12, ","TO-220-3 FullPak ","NA ","0 ","1.1296 ",
"FDPF15N65","Active"," Pb   ","N-Channel, ","PowerTrench® T1, ","TO-220FP, ","High Voltage, ","Standard, ","0, ","Single, ","0, ","650, ","440, ","±30, ","5, ","15, ","38.5, ","-, ","-, ","-, ","48.5, ","2380, ","21.2, ","5690, ","295, ","23.6, ","TO-220-3 FullPak ","NA ","0 ","1.4789 ",
"FDPF17N60NT","Active"," Pb   ","N-Channel, ","PowerTrench® T1, ","TO-220FP, ","High Voltage, ","Standard, ","0, ","Single, ","0, ","600, ","340, ","±30, ","5, ","17, ","62.5, ","-, ","-, ","-, ","48, ","2285, ","20, ","7200, ","310, ","23, ","TO-220-3 FullPak ","NA ","0 ","1.4819 ",
"FDPF18N50","Active"," Pb   ","N-Channel, ","PowerTrench® T1, ","TO-220FP, ","High Voltage, ","Standard, ","0, ","Single, ","0, ","500, ","265, ","±30, ","5, ","18, ","38.5, ","-, ","-, ","-, ","45, ","2200, ","19, ","5400, ","330, ","25, ","TO-220-3 FullPak ","NA ","0 ","1.5993 ",
"FDPF18N50T","Active"," Pb   ","N-Channel, ","PowerTrench® T1, ","TO-220FP, ","High Voltage, ","Standard, ","0, ","Single, ","0, ","500, ","265, ","±30, ","5, ","18, ","38.5, ","-, ","-, ","-, ","45, ","2200, ","19, ","5400, ","330, ","25, ","TO-220-3 FullPak ","NA ","0 ","1.9404 ",
"FDPF20N50FT","Active"," Pb   ","N-Channel, ","PowerTrench® T1, ","TO-220FP, ","High Voltage, ","Standard, ","0, ","Single, ","0, ","500, ","260, ","±30, ","5, ","20, ","38.5, ","-, ","-, ","-, ","50, ","2550, ","20, ","500, ","350, ","27, ","TO-220-3 FullPak ","NA ","0 ","1.8197 ",
"FDPF20N50T","Active"," Pb   ","N-Channel, ","PowerTrench® T1, ","TO-220FP, ","High Voltage, ","Standard, ","0, ","Single, ","0, ","500, ","230, ","±30, ","5, ","20, ","38.5, ","-, ","-, ","-, ","45.6, ","2400, ","21.6, ","7200, ","355, ","27, ","TO-220-3 FullPak ","NA ","0 ","2.0866 ",
"FDT4N50NZU","Active","H Pb   ","N-Channel, ","PowerTrench® T1, ","SC-4, ","High Voltage, ","Standard, ","0, ","Single, ","0, ","500, ","3000, ","25, ","5.5, ","2, ","2, ","~NA~, ","~NA~, ","~NA~, ","9.1, ","476, ","~NA~, ","18, ","43, ","2.7, ","SOT-223-4 / TO-261-4 ","1 ","260 ","0.471 ",
"FQA11N90-F109","Active","H Pb   ","N-Channel, ","PowerTrench® T1, ","TO-3PN, ","High Voltage, ","Standard, ","0, ","Single, ","0, ","900, ","960, ","±30, ","5, ","11.4, ","300, ","-, ","-, ","-, ","72, ","2700, ","35, ","11200, ","260, ","30, ","TO-3P-3L ","NA ","0 ","2.6117 ",
"FQA13N80-F109","Active","H Pb   ","N-Channel, ","PowerTrench® T1, ","TO-3PN, ","High Voltage, ","Standard, ","0, ","Single, ","0, ","800, ","750, ","±30, ","5, ","12.6, ","300, ","-, ","-, ","-, ","68, ","2700, ","32, ","11300, ","275, ","30, ","TO-3P-3L ","NA ","0 ","3.1341 ",
"FQA24N60","Active"," Pb   ","N-Channel, ","PowerTrench® T1, ","TO-3PN, ","High Voltage, ","Standard, ","0, ","Single, ","0, ","600, ","240, ","±30, ","5, ","23.5, ","310, ","-, ","-, ","-, ","110, ","4200, ","53, ","6200, ","550, ","56, ","TO-3P-3L ","NA ","0 ","4.6363 ",
"FQA8N100C","Active","H Pb   ","N-Channel, ","PowerTrench® T1, ","TO-3PN, ","High Voltage, ","Standard, ","0, ","Single, ","0, ","1000, ","1450, ","±30, ","5, ","8, ","225, ","-, ","-, ","-, ","53, ","2475, ","23, ","5200, ","195, ","16, ","TO-3P-3L ","NA ","0 ","2.8467 ",
"FQAF11N90C","Active"," Pb   ","N-Channel, ","PowerTrench® T1, ","TO-3PF, ","High Voltage, ","Standard, ","0, ","Single, ","0, ","900, ","1100, ","±30, ","5, ","7, ","120, ","-, ","-, ","-, ","60, ","2530, ","25, ","17000, ","215, ","23, ","TO-3PF-3L ","NA ","0 ","2.4291 ",
"FQB4N80TM","Active","H Pb   ","N-Channel, ","PowerTrench® T1, ","D2PAK, ","High Voltage, ","Standard, ","0, ","Single, ","0, ","800, ","3600, ","±30, ","5, ","3.9, ","130, ","-, ","-, ","-, ","19, ","680, ","9.1, ","3650, ","75, ","8.6, ","D2PAK-3 / TO-263-2 ","1 ","245 ","1.0312 ",
"FQB5N90TM","Active","H Pb   ","N-Channel, ","PowerTrench® T1, ","D2PAK, ","High Voltage, ","Standard, ","0, ","Single, ","0, ","900, ","2300, ","±30, ","5, ","5.4, ","158, ","-, ","-, ","-, ","31, ","1200, ","15, ","5260, ","110, ","13, ","D2PAK-3 / TO-263-2 ","1 ","245 ","1.5334 ",
"FQB8N90CTM","Active","H Pb   ","N-Channel, ","PowerTrench® T1, ","D2PAK, ","High Voltage, ","Standard, ","0, ","Single, ","0, ","900, ","1900, ","5, ","5, ","6.3, ","171, ","-, ","-, ","-, ","35, ","1600, ","14, ","5800, ","130, ","12, ","D2PAK-3 / TO-263-2 ","1 ","245 ","1.2626 ",
"FQD1N80TM","Active","H Pb   ","N-Channel, ","PowerTrench® T1, ","DPAK, ","High Voltage, ","Standard, ","0, ","Single, ","0, ","800, ","20000, ","±30, ","5, ","1, ","45, ","-, ","-, ","-, ","5.5, ","150, ","3.3, ","600, ","20, ","2.7, ","DPAK-3 / TO-252-3 ","1 ","260 ","0.42 ",
"FQD2N100TM","Active","H Pb   ","N-Channel, ","PowerTrench® T1, ","DPAK, ","High Voltage, ","Standard, ","0, ","Single, ","0, ","1000, ","9000, ","±30, ","5, ","1.6, ","50, ","-, ","-, ","-, ","12, ","400, ","6.5, ","2300, ","40, ","5, ","DPAK-3 / TO-252-3 ","1 ","260 ","0.6587 ",
"FQD2N60CTM","Active","H Pb   ","N-Channel, ","PowerTrench® T1, ","DPAK, ","High Voltage, ","Standard, ","0, ","Single, ","0, ","600, ","4700, ","±30, ","4, ","1.9, ","44, ","-, ","-, ","-, ","8.5, ","180, ","4.1, ","1000, ","20, ","4.3, ","DPAK-3 / TO-252-3 ","1 ","260 ","0.3109 ",
"FQD2N90TM","Active","H Pb   ","N-Channel, ","PowerTrench® T1, ","DPAK, ","High Voltage, ","Standard, ","0, ","Single, ","0, ","900, ","7200, ","±30, ","5, ","1.7, ","50, ","-, ","-, ","-, ","12, ","390, ","6.1, ","1600, ","45, ","5.5, ","DPAK-3 / TO-252-3 ","1 ","260 ","0.6189 ",
"FQD2P40TM","Active"," Pb   ","P-Channel, ","PowerTrench® T1, ","DPAK, ","High Voltage, ","Standard, ","0, ","Single, ","0, ","-400, ","6500, ","±30, ","-5, ","-1.56, ","38, ","-, ","-, ","-, ","10, ","270, ","5.5, ","850, ","45, ","6.5, ","DPAK-3 / TO-252-3 ","1 ","260 ","0.3955 ",
"FQD3P50TM","Active","H Pb   ","P-Channel, ","PowerTrench® T1, ","DPAK, ","High Voltage, ","Standard, ","0, ","Single, ","0, ","-500, ","4900, ","±30, ","-5, ","-2.1, ","50, ","-, ","-, ","-, ","18, ","510, ","9.2, ","1500, ","70, ","9.5, ","DPAK-3 / TO-252-3 ","1 ","260 ","0.5887 ",
"FQD5N60CTM","Active","H Pb   ","N-Channel, ","PowerTrench® T1, ","DPAK, ","High Voltage, ","Standard, ","0, ","Single, ","0, ","600, ","2500, ","±30, ","4, ","2.8, ","49, ","-, ","-, ","-, ","15, ","515, ","6.6, ","2200, ","55, ","6.5, ","DPAK-3 / TO-252-3 ","1 ","260 ","0.5079 ",
"FQD6N40CTM","Active"," Pb   ","N-Channel, ","PowerTrench® T1, ","DPAK, ","High Voltage, ","Standard, ","0, ","Single, ","0, ","400, ","1000, ","±30, ","4, ","4.5, ","48, ","-, ","-, ","-, ","16, ","480, ","8.2, ","1700, ","80, ","15, ","DPAK-3 / TO-252-3 ","1 ","260 ","0.5648 ",
"FQH8N100C","Active","H Pb   ","N-Channel, ","PowerTrench® T1, ","TO-247, ","High Voltage, ","Standard, ","0, ","Single, ","0, ","1000, ","1450, ","±30, ","5, ","8, ","225, ","-, ","-, ","-, ","53, ","2475, ","23, ","5200, ","195, ","16, ","TO-247-3 ","NA ","0 ","2.6855 ",
"FQP11N40C","Active","H Pb   ","N-Channel, ","PowerTrench® T1, ","TO-220, ","High Voltage, ","Standard, ","0, ","Single, ","0, ","400, ","530, ","±30, ","4, ","10.5, ","135, ","-, ","-, ","-, ","28, ","840, ","15, ","2400, ","250, ","85, ","TO-220-3 ","NA ","0 ","1.0088 ",
"FQP17N40","Active","H Pb   ","N-Channel, ","PowerTrench® T1, ","TO-220, ","High Voltage, ","Standard, ","0, ","Single, ","0, ","400, ","270, ","±30, ","5, ","16, ","170, ","-, ","-, ","-, ","45, ","1800, ","21.7, ","2500, ","270, ","30, ","TO-220-3 ","NA ","0 ","1.2528 ",
"FQP3P50","Active","H Pb   ","P-Channel, ","PowerTrench® T1, ","TO-220, ","High Voltage, ","Standard, ","0, ","Single, ","0, ","-500, ","4900, ","±30, ","-5, ","-2.7, ","85, ","-, ","-, ","-, ","18, ","510, ","9.2, ","1500, ","70, ","9.5, ","TO-220-3 ","NA ","0 ","0.7198 ",
"FQP6N80C","Active","H Pb   ","N-Channel, ","PowerTrench® T1, ","TO-220, ","High Voltage, ","Standard, ","0, ","Single, ","0, ","800, ","2500, ","±30, ","5, ","5.5, ","158, ","-, ","-, ","-, ","21, ","1010, ","9, ","5400, ","90, ","8, ","TO-220-3 ","NA ","0 ","1.0937 ",
"FQP8N80C","Active","H Pb   ","N-Channel, ","PowerTrench® T1, ","TO-220, ","High Voltage, ","Standard, ","0, ","Single, ","0, ","800, ","1550, ","±30, ","5, ","8, ","178, ","-, ","-, ","-, ","35, ","1580, ","14, ","8200, ","135, ","13, ","TO-220-3 ","NA ","0 ","1.5937 ",
"FQP9N90C","Active","H Pb   ","N-Channel, ","PowerTrench® T1, ","TO-220, ","High Voltage, ","Standard, ","0, ","Single, ","0, ","900, ","1400, ","±30, ","5, ","8, ","205, ","-, ","-, ","-, ","45, ","2100, ","18, ","6500, ","175, ","14, ","TO-220-3 ","NA ","0 ","2.059 ",
"FQPF13N50CF","Active"," Pb   ","N-Channel, ","PowerTrench® T1, ","TO-220FP, ","High Voltage, ","Standard, ","0, ","Single, ","0, ","500, ","540, ","±30, ","4, ","13, ","48, ","-, ","-, ","-, ","43, ","1580, ","18.5, ","350, ","180, ","20, ","TO-220-3 FullPak ","NA ","0 ","1.5326 ",
"FQPF2N80","Active"," Pb   ","N-Channel, ","PowerTrench® T1, ","TO-220FP, ","High Voltage, ","Standard, ","0, ","Single, ","0, ","800, ","6300, ","±30, ","5, ","1.5, ","35, ","-, ","4, ","4, ","12, ","425, ","6, ","2000, ","45, ","5.5, ","TO-220-3 FullPak ","NA ","0 ","0.7961 ",
"FQPF3N80C","Active"," Pb   ","N-Channel, ","PowerTrench® T1, ","TO-220FP, ","High Voltage, ","Standard, ","0, ","Single, ","0, ","800, ","4800, ","±30, ","5, ","3, ","39, ","-, ","-, ","-, ","13, ","543, ","5.8, ","4000, ","54, ","5.5, ","TO-220-3 FullPak ","NA ","0 ","0.856 ",
"FQPF4N90C","Active"," Pb   ","N-Channel, ","PowerTrench® T1, ","TO-220FP, ","High Voltage, ","Standard, ","0, ","Single, ","0, ","900, ","4200, ","±30, ","5, ","4, ","47, ","-, ","-, ","-, ","17, ","740, ","7.5, ","3500, ","65, ","5.6, ","TO-220-3 FullPak ","NA ","0 ","0.6884 ",
"FQPF9N90CT","Active"," Pb   ","N-Channel, ","PowerTrench® T1, ","TO-220FP, ","High Voltage, ","Standard, ","0, ","Single, ","0, ","900, ","1400, ","±30, ","5, ","8, ","68, ","-, ","-, ","-, ","45, ","2100, ","18, ","6500, ","175, ","14, ","TO-220-3 FullPak ","NA ","0 ","2.1245 ",
"FQT1N80TF-WS","Active"," Pb   ","N-Channel, ","PowerTrench® T1, ","SC-4, ","High Voltage, ","Standard, ","0, ","Single, ","0, ","800, ","20000, ","±30, ","5, ","0.2, ","2.1, ","-, ","-, ","-, ","5.5, ","150, ","3.3, ","600, ","20, ","2.7, ","SOT-223-4 / TO-261-4 ","1 ","260 ","0.4061 ",
"NTB082N65S3F","Active","H Pb   ","N-Channel, ","PowerTrench® T1, ","D2PAK, ","High Voltage, ","Standard, ","0, ","Single, ","0, ","650, ","82, ","30, ","5, ","40, ","313, ","-, ","-, ","-, ","81, ","3410, ","32, ","410, ","70, ","-, ","D2PAK-3 / TO-263-2 ","1 ","245 ","4.5008 ",
"NTB095N65S3HF","Active","H Pb   ","N-Channel, ","PowerTrench® T1, ","D2PAK, ","High Voltage, ","Standard, ","0, ","Single, ","0, ","650, ","95, ","30, ","5, ","36, ","272, ","-, ","-, ","-, ","70, ","-, ","-, ","-, ","-, ","-, ","D2PAK-3 / TO-263-2 ","1 ","245 ","3.3342 ",
"NTB110N65S3HF","Active","H Pb   ","N-Channel, ","PowerTrench® T1, ","D2PAK, ","High Voltage, ","Standard, ","0, ","Single, ","0, ","650, ","110, ","30, ","5, ","30, ","240, ","-, ","-, ","-, ","62, ","-, ","-, ","-, ","-, ","-, ","D2PAK-3 / TO-263-2 ","1 ","245 ","2.9263 ",
"NTB150N65S3HF","Active","H Pb   ","N-Channel, ","PowerTrench® T1, ","D2PAK, ","High Voltage, ","Standard, ","0, ","Single, ","0, ","650, ","150, ","30, ","5, ","24, ","192, ","-, ","-, ","-, ","43, ","-, ","-, ","-, ","-, ","-, ","D2PAK-3 / TO-263-2 ","1 ","245 ","2.4248 ",
"NTB190N65S3HF","Active","H Pb   ","N-Channel, ","PowerTrench® T1, ","D2PAK, ","High Voltage, ","Standard, ","0, ","Single, ","0, ","650, ","190, ","30, ","5, ","20, ","169, ","-, ","-, ","-, ","35, ","-, ","-, ","286, ","-, ","-, ","D2PAK-3 / TO-263-2 ","1 ","245 ","2.1039 ",
"NTBL048N60S5H","Active","H Pb   ","N-Channel, ","PowerTrench® T1, ","Power 1012 (TOLL), ","High Voltage, ","Standard, ","0, ","Single, ","0, ","600, ","48, ","30, ","4.3, ","50, ","297, ","~NA~, ","~NA~, ","~NA~, ","93, ","5277, ","~NA~, ","8259, ","74.3, ","~NA~, ","H-PSOF8L 9.90x10.38x2.30, 1.20P ","1 ","260 ","0.0 ",
"NTBL050N65S3H","Active","H Pb   ","N-Channel, ","PowerTrench® T1, ","Power 1012 (TOLL), ","High Voltage, ","Standard, ","0, ","Single, ","0, ","650, ","50, ","±30, ","4, ","49, ","305, ","~NA~, ","~NA~, ","~NA~, ","98, ","4880, ","~NA~, ","8.8, ","70, ","~NA~, ","H-PSOF8L 9.90x10.38x2.30, 1.20P ","1 ","260 ","5.1545 ",
"NTBL061N60S5H","Active","H Pb   ","N-Channel, ","PowerTrench® T1, ","Power 1012 (TOLL), ","High Voltage, ","Standard, ","0, ","Single, ","0, ","600, ","61, ","30, ","4.3, ","41, ","250, ","~NA~, ","~NA~, ","~NA~, ","73.1, ","4156, ","18.5, ","7386, ","59.4, ","~NA~, ","H-PSOF8L 9.90x10.38x2.30, 1.20P ","1 ","260 ","0.0 ",
"NTBL070N65S3","Active","H Pb   ","N-Channel, ","PowerTrench® T1, ","Power 1012 (TOLL), ","High Voltage, ","Standard, ","0, ","Single, ","0, ","650, ","70, ","30, ","4.5, ","44, ","312, ","~NA~, ","~NA~, ","~NA~, ","82, ","3300, ","~NA~, ","9500, ","72.8, ","13, ","H-PSOF8L 9.90x10.38x2.30, 1.20P ","1 ","260 ","5.7983 ",
"NTBL080N60S5H","Active","H Pb   ","N-Channel, ","PowerTrench® T1, ","Power 1012 (TOLL), ","High Voltage, ","Standard, ","0, ","Single, ","0, ","600, ","80, ","30, ","4.3, ","32, ","208, ","~NA~, ","~NA~, ","~NA~, ","55.8, ","3127, ","14.3, ","6092, ","46, ","~NA~, ","H-PSOF8L 9.90x10.38x2.30, 1.20P ","1 ","260 ","0.0 ",
"NTBL082N65S3HF","Active","H Pb   ","N-Channel, ","PowerTrench® T1, ","Power 1012 (TOLL), ","High Voltage, ","Standard, ","0, ","Single, ","0, ","650, ","82, ","5, ","5, ","40, ","313, ","~NA~, ","~NA~, ","~NA~, ","79, ","3330, ","~NA~, ","434, ","70, ","10, ","H-PSOF8L 9.90x10.38x2.30, 1.20P ","1 ","260 ","4.1625 ",
"NTBL095N65S3H","Active","H Pb   ","N-Channel, ","PowerTrench® T1, ","Power 1012 (TOLL), ","High Voltage, ","Standard, ","0, ","Single, ","0, ","650, ","95, ","30, ","4, ","30, ","208, ","~NA~, ","~NA~, ","~NA~, ","58, ","2833, ","~NA~, ","5800, ","43, ","3, ","H-PSOF8L 9.90x10.38x2.30, 1.20P ","1 ","260 ","4.0151 ",
"NTBL100N60S5H","Active","H Pb   ","N-Channel, ","PowerTrench® T1, ","Power 1012 (TOLL), ","High Voltage, ","Standard, ","0, ","Single, ","0, ","600, ","100, ","30, ","4.3, ","27, ","179, ","~NA~, ","~NA~, ","~NA~, ","46.5, ","2616, ","~NA~, ","5323, ","39, ","~NA~, ","H-PSOF8L 9.90x10.38x2.30, 1.20P ","1 ","250 ","0.0 ",
"NTBL150N60S5H","Active","H Pb   ","N-Channel, ","PowerTrench® T1, ","Power 1012 (TOLL), ","High Voltage, ","Standard, ","0, ","Single, ","0, ","600, ","150, ","30, ","4.3, ","19, ","133, ","~NA~, ","~NA~, ","~NA~, ","29.8, ","1713, ","~NA~, ","3999, ","26.8, ","~NA~, ","H-PSOF8L 9.90x10.38x2.30, 1.20P ","1 ","260 ","0.0 ",
"NTD250N65S3H","Active","H Pb   ","N-Channel, ","PowerTrench® T1, ","TO-252-3, ","High Voltage, ","Standard, ","0, ","Single, ","0, ","650, ","250, ","30, ","4, ","13, ","106, ","~NA~, ","~NA~, ","~NA~, ","24, ","1261, ","~NA~, ","2500, ","19, ","2, ","DPAK-3 / TO-252-3 ","1 ","260 ","1.2909 ",
"NTD280N60S5Z","Active","H Pb   ","N-Channel, ","PowerTrench® T1, ","TO-252-3, ","High Voltage, ","Standard, ","0, ","Single, ","0, ","600, ","280, ","20, ","4, ","13, ","89, ","~NA~, ","~NA~, ","~NA~, ","17.9, ","978, ","~NA~, ","2114, ","16.8, ","~NA~, ","DPAK-3 / TO-252-3 ","1 ","260 ","1.0921 ",
"NTD360N65S3H","Active","H Pb   ","N-Channel, ","PowerTrench® T1, ","TO-252-3, ","High Voltage, ","Standard, ","0, ","Single, ","0, ","650, ","360, ","30, ","4, ","10, ","83, ","~NA~, ","~NA~, ","~NA~, ","17.5, ","916, ","~NA~, ","1800, ","15, ","1.5, ","DPAK-3 / TO-252-3 ","1 ","260 ","0.9634 ",
"NTD360N80S3Z","Active","H Pb   ","N-Channel, ","PowerTrench® T1, ","TO-252-3, ","High Voltage, ","Standard, ","0, ","Single, ","0, ","800, ","360, ","±30, ","3.8, ","13, ","96, ","~NA~, ","~NA~, ","~NA~, ","25.3, ","1143, ","~NA~, ","3.2, ","18.1, ","~NA~, ","DPAK-3 / TO-252-3 ","1 ","260 ","1.2998 ",
"NTD600N80S3Z","Active","H Pb   ","N-Channel, ","PowerTrench® T1, ","TO-252-3, ","High Voltage, ","Standard, ","0, ","Single, ","0, ","800, ","600, ","20, ","3.8, ","8, ","60, ","~NA~, ","~NA~, ","~NA~, ","15.5, ","725, ","~NA~, ","137, ","12, ","21, ","DPAK-3 / TO-252-3 ","1 ","260 ","0.9634 ",
"NTH027N65S3F-F155","Active","H Pb   ","N-Channel, ","PowerTrench® T1, ","TO-247-3, ","High Voltage, ","Standard, ","0, ","Single, ","0, ","650, ","27.4, ","30, ","5, ","75, ","595, ","-, ","6, ","6, ","259, ","7690, ","99, ","1014, ","200, ","-, ","TO-247-3 ","NA ","0 ","14.3118 ",
"NTH4L027N65S3F","Active","H Pb   ","N-Channel, ","PowerTrench® T1, ","TO-247-4, ","High Voltage, ","Standard, ","0, ","Single, ","0, ","650, ","27.4, ","30, ","5, ","75, ","595, ","~NA~, ","~NA~, ","~NA~, ","259, ","7690, ","~NA~, ","1014, ","200, ","20, ","TO-247-4 ","NA ","0 ","13.5907 ",
"NTH4L040N65S3F","Active","H Pb   ","N-Channel, ","PowerTrench® T1, ","TO-247-4, ","High Voltage, ","Standard, ","0, ","Single, ","0, ","650, ","40, ","30, ","5, ","65, ","446, ","~NA~, ","~NA~, ","~NA~, ","158, ","5940, ","~NA~, ","737, ","140, ","3.5, ","TO-247-4 ","NA ","0 ","9.5928 ",
"NTH4L067N65S3H","Active","H Pb   ","N-Channel, ","PowerTrench® T1, ","TO-247-4, ","High Voltage, ","Standard, ","0, ","Single, ","0, ","650, ","67, ","30, ","4, ","40, ","266, ","~NA~, ","~NA~, ","~NA~, ","80, ","3750, ","~NA~, ","7800, ","60, ","1.5, ","TO-247-4 ","NA ","0 ","4.9096 ",
"NTH4LN019N65S3H","Active","H Pb   ","N-Channel, ","PowerTrench® T1, ","TO-247-4, ","High Voltage, ","Standard, ","0, ","Single, ","0, ","650, ","19.3, ","30, ","4, ","75, ","625, ","~NA~, ","~NA~, ","~NA~, ","282, ","15993, ","~NA~, ","13200, ","188, ","13, ","TO-247 4-LEAD, THIN LEADS ","NA ","0 ","16.3545 ",
"NTH4LN040N65S3H","Active","H Pb   ","N-Channel, ","PowerTrench® T1, ","TO-247-4, ","High Voltage, ","Standard, ","0, ","Single, ","0, ","650, ","40, ","30, ","4, ","62, ","379, ","~NA~, ","~NA~, ","~NA~, ","132, ","6513, ","~NA~, ","11400, ","97, ","2.5, ","TO-247 4-LEAD, THIN LEADS ","NA ","0 ","7.7451 ",
"NTH4LN041N60S5H","Active","H Pb   ","N-Channel, ","PowerTrench® T1, ","TO-247-4, ","Power, ","Standard, ","0, ","Single, ","0, ","600, ","41, ","30, ","4.3, ","57, ","329, ","~NA~, ","~NA~, ","~NA~, ","110, ","6213, ","~NA~, ","9428, ","87.3, ","~NA~, ","TO-247 4-LEAD, THIN LEADS ","NA ","0 ","0.0 ",
"NTH4LN061N60S5H","Active","H Pb   ","N-Channel, ","PowerTrench® T1, ","TO-247-4, ","High Voltage, ","Standard, ","0, ","Single, ","0, ","600, ","61, ","30, ","4.3, ","41, ","250, ","~NA~, ","~NA~, ","~NA~, ","74.2, ","4157, ","~NA~, ","7405, ","60.1, ","~NA~, ","TO-247 4-LEAD, THIN LEADS ","NA ","0 ","0.0 ",
"NTH4LN067N65S3H","Active","H Pb   ","N-Channel, ","PowerTrench® T1, ","TO-247-4, ","High Voltage, ","Standard, ","0, ","Single, ","0, ","650, ","67, ","30, ","4, ","62, ","266, ","~NA~, ","~NA~, ","~NA~, ","80, ","3750, ","~NA~, ","7800, ","60, ","1.5, ","TO-247 4-LEAD, THIN LEADS ","NA ","0 ","4.5723 ",
"NTH4LN095N65S3H","Active","H Pb   ","N-Channel, ","PowerTrench® T1, ","TO-247-4, ","High Voltage, ","Standard, ","0, ","Single, ","0, ","650, ","95, ","30, ","4, ","30, ","208, ","~NA~, ","~NA~, ","~NA~, ","58, ","2833, ","~NA~, ","5800, ","43, ","3.2, ","TO-247 4-LEAD, THIN LEADS ","NA ","0 ","4.2249 ",
"NTHL017N60S5H","Active","H Pb   ","N-Channel, ","PowerTrench® T1, ","TO-247-3, ","High Voltage, ","Standard, ","0, ","Single, ","0, ","600, ","17.9, ","30, ","4.3, ","75, ","625, ","~NA~, ","~NA~, ","~NA~, ","265, ","14200, ","~NA~, ","11780, ","191, ","~NA~, ","TO-247-3LD ","NA ","0 ","9.9576 ",
"NTHL019N60S5F","Active"," Pb   ","N-Channel, ","PowerTrench® T1, ","TO-247-3, ","High Voltage, ","Standard, ","0, ","Single, ","0, ","600, ","19, ","30, ","4.8, ","75, ","568, ","~NA~, ","~NA~, ","~NA~, ","252, ","13400, ","~NA~, ","1686, ","190, ","15, ","TO-247-3LD ","NA ","0 ","10.4735 ",
"NTHL019N65S3H","Active","H Pb   ","N-Channel, ","PowerTrench® T1, ","TO-247-3, ","High Voltage, ","Standard, ","0, ","Single, ","0, ","650, ","19.3, ","30, ","4, ","75, ","625, ","~NA~, ","~NA~, ","~NA~, ","282, ","15993, ","~NA~, ","13200, ","188, ","13, ","TO-247-3LD ","NA ","0 ","15.9906 ",
"NTHL027N65S3HF","Active","H Pb   ","N-Channel, ","PowerTrench® T1, ","TO-247-3, ","High Voltage, ","Standard, ","0, ","Single, ","0, ","650, ","27.4, ","30, ","5, ","75, ","595, ","-, ","-, ","-, ","225, ","-, ","-, ","-, ","-, ","-, ","TO-247-3LD ","NA ","0 ","12.7303 ",
"NTHL033N65S3HF","Active","H Pb   ","N-Channel, ","PowerTrench® T1, ","TO-247-3, ","High Voltage, ","Standard, ","0, ","Single, ","0, ","650, ","33, ","30, ","5, ","70, ","500, ","-, ","-, ","-, ","188, ","-, ","-, ","-, ","-, ","-, ","TO-247-3LD ","NA ","0 ","6.4722 ",
"NTHL040N65S3F","Active","H Pb   ","N-Channel, ","PowerTrench® T1, ","TO-247-3, ","High Voltage, ","Standard, ","0, ","Single, ","0, ","650, ","40, ","30, ","5, ","65, ","446, ","-, ","-, ","-, ","158, ","5940, ","60, ","737, ","140, ","-, ","TO-247-3 ","NA ","0 ","9.518 ",
"NTHL040N65S3HF","Active","H Pb   ","N-Channel, ","PowerTrench® T1, ","TO-247-3, ","High Voltage, ","Standard, ","0, ","Single, ","0, ","650, ","40, ","30, ","5, ","65, ","446, ","-, ","-, ","-, ","159, ","-, ","-, ","-, ","-, ","-, ","TO-247-3LD ","NA ","0 ","9.5006 ",
"NTHL041N60S5H","Active","H Pb   ","N-Channel, ","PowerTrench® T1, ","TO-247-3, ","High Voltage, ","Standard, ","0, ","Single, ","0, ","600, ","41, ","30, ","4.3, ","57, ","329, ","~NA~, ","~NA~, ","~NA~, ","108, ","5840, ","~NA~, ","9600, ","92, ","8.4, ","TO-247-3LD ","NA ","0 ","5.1695 ",
"NTHL050N65S3HF","Active","H Pb   ","N-Channel, ","PowerTrench® T1, ","TO-247-3, ","High Voltage, ","Standard, ","0, ","Single, ","0, ","650, ","50, ","30, ","5, ","58, ","378, ","-, ","-, ","-, ","125, ","-, ","-, ","688, ","-, ","-, ","TO-247-3LD ","NA ","0 ","8.1303 ",
"NTHL061N60S5H","Active","H Pb   ","N-Channel, ","PowerTrench® T1, ","TO-247-3, ","High Voltage, ","Standard, ","0, ","Single, ","0, ","600, ","61, ","30, ","4.3, ","41, ","250, ","~NA~, ","~NA~, ","~NA~, ","73.2, ","4156, ","~NA~, ","7532, ","59.9, ","~NA~, ","TO-247-3LD ","NA ","0 ","0.0 ",
"NTHL065N65S3F","Active","H Pb   ","N-Channel, ","PowerTrench® T1, ","TO-247-3, ","High Voltage, ","Standard, ","0, ","Single, ","0, ","650, ","65, ","30, ","5, ","46, ","337, ","-, ","-, ","-, ","98, ","4075, ","38, ","488, ","95, ","-, ","TO-247-3 ","NA ","0 ","5.9941 ",
"NTHL065N65S3HF","Active","H Pb   ","N-Channel, ","PowerTrench® T1, ","TO-247-3, ","High Voltage, ","Standard, ","0, ","Single, ","0, ","650, ","65, ","30, ","5, ","46, ","337, ","~NA~, ","~NA~, ","~NA~, ","98, ","4075, ","~NA~, ","488, ","95, ","5, ","TO-247-3LD ","NA ","0 ","6.4007 ",
"NTHL067N65S3H","Active","H Pb   ","N-Channel, ","PowerTrench® T1, ","TO-247-3, ","High Voltage, ","Standard, ","0, ","Single, ","0, ","650, ","67, ","±30, ","4, ","40, ","266, ","~NA~, ","~NA~, ","~NA~, ","80, ","3750, ","~NA~, ","7400, ","3750, ","1.3, ","TO-247-3LD ","NA ","0 ","4.5723 ",
"NTHL082N65S3F","Active","H Pb   ","N-Channel, ","PowerTrench® T1, ","TO-247-3, ","High Voltage, ","Standard, ","0, ","Single, ","0, ","650, ","82, ","30, ","5, ","40, ","313, ","-, ","-, ","-, ","81, ","3410, ","32, ","410, ","70, ","-, ","TO-247-3 ","NA ","0 ","5.2853 ",
"NTHL082N65S3HF","Active","H Pb   ","N-Channel, ","PowerTrench® T1, ","TO-247-3, ","High Voltage, ","Standard, ","0, ","Single, ","0, ","650, ","79, ","30, ","5, ","40, ","313, ","~NA~, ","~NA~, ","~NA~, ","81, ","3330, ","~NA~, ","434, ","70, ","10, ","TO-247-3LD ","NA ","0 ","4.5395 ",
"NTHL095N65S3H","Active","H Pb   ","N-Channel, ","PowerTrench® T1, ","TO-247-3, ","High Voltage, ","Standard, ","0, ","Single, ","0, ","650, ","95, ","30, ","4, ","30, ","208, ","~NA~, ","~NA~, ","~NA~, ","58, ","2833, ","~NA~, ","6300, ","43, ","3.2, ","TO-247-3LD ","NA ","0 ","3.9129 ",
"NTHL095N65S3HF","Active","H Pb   ","N-Channel, ","PowerTrench® T1, ","TO-247-3, ","High Voltage, ","Standard, ","0, ","Single, ","0, ","650, ","95, ","30, ","5, ","36, ","272, ","~NA~, ","~NA~, ","~NA~, ","66, ","2930, ","~NA~, ","414, ","61, ","8, ","TO-247-3LD ","NA ","0 ","4.1293 ",
"NTHL099N60S5","Active"," Pb   ","N-Channel, ","PowerTrench® T1, ","TO-247-3, ","High Voltage, ","Standard, ","0, ","Single, ","0, ","600, ","99, ","4, ","4, ","33, ","184, ","~NA~, ","~NA~, ","~NA~, ","48, ","2500, ","~NA~, ","4600, ","41, ","4, ","TO-247-3LD ","NA ","0 ","3.2254 ",
"NTHL110N65S3F","Active","H Pb   ","N-Channel, ","PowerTrench® T1, ","TO-247-3, ","High Voltage, ","Standard, ","0, ","Single, ","0, ","650, ","110, ","30, ","5, ","30, ","240, ","-, ","-, ","-, ","58, ","2560, ","23, ","94, ","50, ","-, ","TO-247-3 ","NA ","0 ","3.8584 ",
"NTHL120N60S5Z","Active"," Pb   ","N-Channel, ","PowerTrench® T1, ","TO-247-3, ","High Voltage, ","Standard, ","0, ","Single, ","0, ","600, ","120, ","20, ","4, ","28, ","160, ","~NA~, ","~NA~, ","~NA~, ","39, ","2088, ","~NA~, ","3200, ","35, ","4.7, ","TO-247-3LD ","NA ","0 ","3.3226 ",
"NTHL125N65S3H","Active","H Pb   ","N-Channel, ","PowerTrench® T1, ","TO-247-3, ","High Voltage, ","Standard, ","0, ","Single, ","0, ","650, ","125, ","30, ","4, ","24, ","171, ","~NA~, ","44, ","44, ","44, ","2200, ","~NA~, ","4500, ","34, ","4, ","TO-247-3LD ","NA ","0 ","3.3342 ",
"NTHL185N60S5H","Active","H Pb   ","N-Channel, ","PowerTrench® T1, ","TO-247-3, ","High Voltage, ","Standard, ","0, ","Single, ","0, ","600, ","185, ","4.3, ","4.3, ","15, ","116, ","~NA~, ","~NA~, ","~NA~, ","25, ","1350, ","~NA~, ","3000, ","25, ","3.2, ","TO-247-3LD ","NA ","0 ","2.6879 ",
"NTHL190N65S3HF","Active","H Pb   ","N-Channel, ","PowerTrench® T1, ","TO-247-3, ","High Voltage, ","Standard, ","0, ","Single, ","0, ","650, ","190, ","30, ","5, ","20, ","169, ","-, ","-, ","-, ","35, ","-, ","-, ","286, ","-, ","-, ","TO-247-3LD ","NA ","0 ","2.8956 ",
"NTMT061N60S5F","Active","H Pb   ","N-Channel, ","PowerTrench® T1, ","Power 88, ","High Voltage, ","Standard, ","0, ","Single, ","0, ","600, ","61, ","30, ","4.8, ","41, ","255, ","~NA~, ","~NA~, ","~NA~, ","76, ","4175, ","~NA~, ","717, ","63, ","15, ","TDFN4 8.00x8.00x1.00, 2.00P ","1 ","260 ","5.0563 ",
"NTMT061N60S5H","Active","H Pb   ","N-Channel, ","PowerTrench® T1, ","Power 88, ","High Voltage, ","Standard, ","0, ","Single, ","0, ","600, ","61, ","30, ","4.3, ","41, ","250, ","~NA~, ","~NA~, ","~NA~, ","73.6, ","4176, ","~NA~, ","7405, ","60.4, ","~NA~, ","TDFN4 8.00x8.00x1.00, 2.00P ","1 ","260 ","3.856 ",
"NTMT064N65S3H","Active","H Pb   ","N-Channel, ","PowerTrench® T1, ","Power 88, ","High Voltage, ","Standard, ","0, ","Single, ","0, ","650, ","64, ","30, ","4.2, ","40, ","260, ","~NA~, ","~NA~, ","~NA~, ","77, ","3860, ","~NA~, ","5900, ","58, ","8, ","TDFN4 8.00x8.00x1.00, 2.00P ","1 ","260 ","4.1484 ",
"NTMT080N60S5","Active","H Pb   ","N-Channel, ","PowerTrench® T1, ","Power 88, ","High Voltage, ","Standard, ","0, ","Single, ","0, ","600, ","80, ","30, ","4, ","40, ","212, ","~NA~, ","~NA~, ","~NA~, ","56.2, ","3029, ","~NA~, ","5167, ","47.1, ","~NA~, ","TDFN4 8.00x8.00x1.00, 2.00P ","1 ","260 ","0.0 ",
"NTMT090N65S3HF","Active","H Pb   ","N-Channel, ","PowerTrench® T1, ","Power 88, ","High Voltage, ","Standard, ","0, ","Single, ","0, ","650, ","90, ","30, ","5, ","36, ","272, ","~NA~, ","~NA~, ","~NA~, ","66, ","2930, ","~NA~, ","379, ","61, ","9, ","TDFN4 8.00x8.00x1.00, 2.00P ","1 ","260 ","4.1638 ",
"NTMT095N65S3H","Active","H Pb   ","N-Channel, ","PowerTrench® T1, ","Power 88, ","High Voltage, ","Standard, ","0, ","Single, ","0, ","650, ","95, ","30, ","4, ","30, ","208, ","~NA~, ","~NA~, ","~NA~, ","58, ","2833, ","~NA~, ","5800, ","43, ","3.5, ","TDFN4 8.00x8.00x1.00, 2.00P ","1 ","260 ","3.6293 ",
"NTMT100N60S5H","Active","H Pb   ","N-Channel, ","PowerTrench® T1, ","Power 88, ","High Voltage, ","Standard, ","0, ","Single, ","0, ","600, ","100, ","30, ","4.3, ","27, ","179, ","~NA~, ","~NA~, ","~NA~, ","46.6, ","2616, ","~NA~, ","5331, ","39.8, ","~NA~, ","TDFN4 8.00x8.00x1.00, 2.00P ","1 ","260 ","0.0 ",
"NTMT110N65S3HF","Active","H Pb   ","N-Channel, ","PowerTrench® T1, ","Power 88, ","High Voltage, ","Standard, ","0, ","Single, ","0, ","650, ","110, ","30, ","5, ","30, ","240, ","~NA~, ","~NA~, ","~NA~, ","62, ","2635, ","~NA~, ","355, ","52, ","8, ","TDFN4 8.00x8.00x1.00, 2.00P ","1 ","260 ","3.5987 ",
"NTMT125N60S5H","Active","H Pb   ","N-Channel, ","PowerTrench® T1, ","Power 88, ","High Voltage, ","Standard, ","0, ","Single, ","0, ","600, ","125, ","30, ","4.3, ","22, ","152, ","~NA~, ","~NA~, ","~NA~, ","37.1, ","2037, ","~NA~, ","4519, ","31.9, ","~NA~, ","TDFN4 8.00x8.00x1.00, 2.00P ","1 ","260 ","0.0 ",
"NTMT125N65S3H","Active","H Pb   ","N-Channel, ","PowerTrench® T1, ","Power 88, ","High Voltage, ","Standard, ","0, ","Single, ","0, ","650, ","125, ","30, ","4, ","24, ","171, ","~NA~, ","~NA~, ","~NA~, ","44, ","2200, ","~NA~, ","4300, ","34, ","3, ","TDFN4 8.00x8.00x1.00, 2.00P ","1 ","260 ","1.6055 ",
"NTMT150N65S3HF","Active","H Pb   ","N-Channel, ","PowerTrench® T1, ","Power 88, ","High Voltage, ","Standard, ","0, ","Single, ","0, ","650, ","150, ","30, ","5, ","24, ","192, ","~NA~, ","~NA~, ","~NA~, ","43, ","1985, ","~NA~, ","285, ","40, ","6, ","TDFN4 8.00x8.00x1.00, 2.00P ","1 ","260 ","2.9568 ",
"NTMT185N60S5H","Active","H Pb   ","N-Channel, ","PowerTrench® T1, ","Power 88, ","High Voltage, ","Standard, ","0, ","Single, ","0, ","600, ","185, ","30, ","4.3, ","15, ","116, ","~NA~, ","~NA~, ","~NA~, ","25, ","1350, ","~NA~, ","2400, ","25, ","2, ","TDFN4 8.00x8.00x1.00, 2.00P ","1 ","260 ","2.3026 ",
"NTMT190N65S3H","Active","H Pb   ","N-Channel, ","PowerTrench® T1, ","Power 88, ","High Voltage, ","Standard, ","0, ","Single, ","0, ","650, ","190, ","30, ","4, ","16, ","129, ","~NA~, ","~NA~, ","~NA~, ","31, ","1600, ","~NA~, ","2700, ","23, ","2, ","TDFN4 8.00x8.00x1.00, 2.00P ","1 ","260 ","2.3439 ",
"NTMT190N65S3HF","Active","H Pb   ","N-Channel, ","PowerTrench® T1, ","Power 88, ","High Voltage, ","Standard, ","0, ","Single, ","0, ","650, ","190, ","30, ","5, ","20, ","162, ","~NA~, ","~NA~, ","~NA~, ","34, ","1610, ","~NA~, ","255, ","30, ","5, ","TDFN4 8.00x8.00x1.00, 2.00P ","1 ","260 ","2.859 ",
"NTMT280N60S5Z","Active","H Pb   ","N-Channel, ","PowerTrench® T1, ","Power 88, ","High Voltage, ","Standard, ","0, ","Single, ","0, ","600, ","280, ","20, ","4, ","13, ","89, ","~NA~, ","~NA~, ","~NA~, ","18.1, ","979, ","~NA~, ","2115, ","18.5, ","~NA~, ","TDFN4 8.00x8.00x1.00, 2.00P ","1 ","260 ","0.0 ",
"NTP055N65S3H","Active","H Pb   ","N-Channel, ","PowerTrench® T1, ","TO-220-3, ","High Voltage, ","Standard, ","0, ","Single, ","0, ","650, ","55, ","30, ","4, ","47, ","305, ","~NA~, ","~NA~, ","~NA~, ","96, ","4305, ","~NA~, ","7700, ","73, ","6, ","TO-220-3 ","NA ","0 ","4.6726 ",
"NTP067N65S3H","Active","H Pb   ","N-Channel, ","PowerTrench® T1, ","TO-220-3, ","High Voltage, ","Standard, ","0, ","Single, ","0, ","650, ","67, ","±30, ","4, ","40, ","266, ","~NA~, ","~NA~, ","~NA~, ","80, ","3750, ","~NA~, ","403, ","60, ","1.3, ","TO-220-3 ","NA ","0 ","3.7284 ",
"NTP082N65S3F","Active","H Pb   ","N-Channel, ","PowerTrench® T1, ","TO-220-3, ","High Voltage, ","Standard, ","0, ","Single, ","0, ","650, ","82, ","30, ","4.5, ","40, ","313, ","-, ","-, ","-, ","81, ","3410, ","32, ","678, ","70, ","-, ","TO-220-3 ","NA ","0 ","3.9368 ",
"NTP082N65S3HF","Active","H Pb   ","N-Channel, ","PowerTrench® T1, ","TO-220-3, ","High Voltage, ","Standard, ","0, ","Single, ","0, ","650, ","82, ","30, ","5, ","40, ","313, ","~NA~, ","~NA~, ","~NA~, ","81, ","3410, ","~NA~, ","410, ","70, ","11, ","TO-220-3 ","NA ","0 ","3.6955 ",
"NTP095N65S3H","Active","H Pb   ","N-Channel, ","PowerTrench® T1, ","TO-220-3, ","High Voltage, ","Standard, ","0, ","Single, ","0, ","650, ","95, ","30, ","4, ","30, ","208, ","~NA~, ","~NA~, ","~NA~, ","58, ","2833, ","~NA~, ","6300, ","43, ","5, ","TO-220-3 ","NA ","0 ","3.0239 ",
"NTP095N65S3HF","Active","H Pb   ","N-Channel, ","PowerTrench® T1, ","TO-220-3, ","High Voltage, ","Standard, ","0, ","Single, ","0, ","650, ","95, ","30, ","5, ","36, ","272, ","-, ","-, ","-, ","66, ","-, ","-, ","-, ","-, ","-, ","TO-220-3 ","NA ","0 ","3.235 ",
"NTP110N65S3HF","Active","H Pb   ","N-Channel, ","PowerTrench® T1, ","TO-220-3, ","High Voltage, ","Standard, ","0, ","Single, ","0, ","650, ","110, ","30, ","5, ","30, ","240, ","-, ","-, ","-, ","62, ","-, ","-, ","-, ","-, ","-, ","TO-220-3 ","NA ","0 ","2.8238 ",
"NTP125N60S5FZ","Active","H Pb   ","N-Channel, ","PowerTrench® T1, ","TO-220-3, ","High Voltage, ","Standard, ","0, ","Single, ","0, ","600, ","125, ","20, ","4.8, ","22, ","156, ","~NA~, ","~NA~, ","~NA~, ","39, ","2213, ","~NA~, ","400, ","34, ","3, ","TO-220-3 ","NA ","0 ","0.0 ",
"NTP125N60S5H","Active","H Pb   ","N-Channel, ","PowerTrench® T1, ","TO-220-3, ","High Voltage, ","Standard, ","0, ","Single, ","0, ","600, ","125, ","30, ","4.3, ","22, ","152, ","~NA~, ","~NA~, ","~NA~, ","37.3, ","2036, ","~NA~, ","4529, ","31.4, ","~NA~, ","TO-220-3 ","NA ","0 ","1.8904 ",
"NTP125N65S3H","Active","H Pb   ","N-Channel, ","PowerTrench® T1, ","TO-220-3, ","High Voltage, ","Standard, ","0, ","Single, ","0, ","650, ","125, ","30, ","4, ","24, ","171, ","~NA~, ","~NA~, ","~NA~, ","44, ","2200, ","~NA~, ","4500, ","34, ","3.8, ","TO-220-3 ","NA ","0 ","2.4486 ",
"NTP150N65S3HF","Active","H Pb   ","N-Channel, ","PowerTrench® T1, ","TO-220-3, ","High Voltage, ","Standard, ","0, ","Single, ","0, ","650, ","150, ","30, ","5, ","24, ","192, ","-, ","-, ","-, ","43, ","-, ","-, ","-, ","-, ","-, ","TO-220-3 ","NA ","0 ","2.3245 ",
"NTP165N65S3H","Active","H Pb   ","N-Channel, ","PowerTrench® T1, ","TO-220-3, ","High Voltage, ","Standard, ","0, ","Single, ","0, ","650, ","165, ","30, ","4, ","19, ","142, ","~NA~, ","~NA~, ","~NA~, ","35, ","1808, ","~NA~, ","3600, ","27, ","2.3, ","TO-220-3 ","NA ","0 ","1.925 ",
"NTP185N60S5H","Active","H Pb   ","N-Channel, ","PowerTrench® T1, ","TO-220-3, ","High Voltage, ","Standard, ","0, ","Single, ","0, ","600, ","185, ","30, ","4.3, ","15, ","116, ","~NA~, ","~NA~, ","~NA~, ","25, ","1350, ","~NA~, ","3000, ","25, ","2, ","TO-220-3 ","NA ","0 ","1.7002 ",
"NTP190N65S3HF","Active","H Pb   ","N-Channel, ","PowerTrench® T1, ","TO-220-3, ","High Voltage, ","Standard, ","0, ","Single, ","0, ","650, ","190, ","30, ","5, ","20, ","162, ","-, ","-, ","-, ","34, ","-, ","-, ","264, ","-, ","-, ","TO-220-3 ","NA ","0 ","1.9869 ",
"NTP360N80S3Z","Active","H Pb   ","N-Channel, ","PowerTrench® T1, ","TO-220-3, ","High Voltage, ","Standard, ","0, ","Single, ","0, ","800, ","360, ","±30, ","3.8, ","13, ","96, ","~NA~, ","~NA~, ","~NA~, ","25.3, ","1143, ","~NA~, ","3, ","18.1, ","~NA~, ","TO-220-3 ","NA ","0 ","1.5833 ",
"NTPF082N65S3F","Active","H Pb   ","N-Channel, ","PowerTrench® T1, ","TO-220FP, ","High Voltage, ","Standard, ","0, ","Single, ","0, ","650, ","82, ","30, ","5, ","40, ","48, ","-, ","-, ","-, ","70, ","3240, ","27, ","397, ","70, ","-, ","TO-220-3 FullPak ","NA ","0 ","3.6254 ",
"NTPF095N65S3H","Active","H Pb   ","N-Channel, ","PowerTrench® T1, ","TO-220FP, ","High Voltage, ","Standard, ","0, ","Single, ","0, ","650, ","95, ","30, ","4, ","30, ","208, ","~NA~, ","~NA~, ","~NA~, ","58, ","2833, ","~NA~, ","6300, ","3, ","3.5, ","TO-220-3 FullPak ","NA ","0 ","3.3468 ",
"NTPF110N65S3HF","Active","H Pb   ","N-Channel, ","PowerTrench® T1, ","TO-220FP, ","High Voltage, ","Standard, ","0, ","Single, ","0, ","650, ","110, ","30, ","5, ","30, ","240, ","-, ","-, ","-, ","62, ","-, ","-, ","-, ","-, ","-, ","TO-220-3 FullPak ","NA ","0 ","2.8283 ",
"NTPF125N65S3H","Active","H Pb   ","N-Channel, ","PowerTrench® T1, ","TO-220FP, ","High Voltage, ","Standard, ","0, ","Single, ","0, ","650, ","125, ","30, ","4, ","24, ","37, ","~NA~, ","~NA~, ","~NA~, ","44, ","2200, ","~NA~, ","4500, ","34, ","3.3, ","TO-220-3 FullPak ","NA ","0 ","2.5182 ",
"NTPF150N65S3HF","Active","H Pb   ","N-Channel, ","PowerTrench® T1, ","TO-220FP, ","High Voltage, ","Standard, ","0, ","Single, ","0, ","650, ","150, ","30, ","5, ","24, ","192, ","-, ","-, ","-, ","43, ","-, ","-, ","-, ","-, ","-, ","TO-220-3 FullPak ","NA ","0 ","2.2013 ",
"NTPF165N65S3H","Active","H Pb   ","N-Channel, ","PowerTrench® T1, ","TO-220FP, ","High Voltage, ","Standard, ","0, ","Single, ","0, ","650, ","165, ","40, ","4, ","19, ","33, ","~NA~, ","~NA~, ","~NA~, ","35, ","1808, ","~NA~, ","3600, ","27, ","2.2, ","TO-220-3 FullPak ","NA ","0 ","2.0122 ",
"NTPF190N65S3H","Active","H Pb   ","N-Channel, ","PowerTrench® T1, ","TO-220FP, ","High Voltage, ","Standard, ","0, ","Single, ","0, ","650, ","190, ","30, ","4, ","16, ","32, ","~NA~, ","~NA~, ","~NA~, ","31, ","1600, ","~NA~, ","3200, ","23, ","2, ","TO-220-3 FullPak ","NA ","0 ","2.0478 ",
"NTPF190N65S3HF","Active","H Pb   ","N-Channel, ","PowerTrench® T1, ","TO-220FP, ","High Voltage, ","Standard, ","0, ","Single, ","0, ","650, ","190, ","30, ","5, ","20, ","169, ","-, ","-, ","-, ","35, ","-, ","-, ","286, ","-, ","-, ","TO-220-3 FullPak ","NA ","0 ","2.0141 ",
"NTPF250N65S3H","Active","H Pb   ","N-Channel, ","PowerTrench® T1, ","TO-220FP, ","High Voltage, ","Standard, ","0, ","Single, ","0, ","650, ","250, ","30, ","4, ","13, ","29, ","~NA~, ","~NA~, ","~NA~, ","24, ","1261, ","~NA~, ","2500, ","19, ","2, ","TO-220-3 FullPak ","NA ","0 ","1.6958 ",
"NTPF360N65S3H","Active","H Pb   ","N-Channel, ","PowerTrench® T1, ","TO-220FP, ","High Voltage, ","Standard, ","0, ","Single, ","0, ","650, ","360, ","30, ","4, ","10, ","26, ","~NA~, ","~NA~, ","~NA~, ","17.5, ","916, ","~NA~, ","1900, ","15, ","1.7, ","TO-220-3 FullPak ","NA ","0 ","1.462 ",
"NTPF360N80S3Z","Active","H Pb   ","N-Channel, ","PowerTrench® T1, ","TO-220FP, ","High Voltage, ","Standard, ","0, ","Single, ","0, ","800, ","360, ","±30, ","3.8, ","13, ","31, ","~NA~, ","~NA~, ","~NA~, ","25.3, ","1143, ","~NA~, ","3, ","18.1, ","~NA~, ","TO-220-3 FullPak ","NA ","0 ","1.6183 ",
"NTPF450N80S3Z","Active","H Pb   ","N-Channel, ","PowerTrench® T1, ","TO-220FP, ","High Voltage, ","Standard, ","0, ","Single, ","0, ","800, ","450, ","±20, ","3.8, ","11, ","29.5, ","~NA~, ","~NA~, ","~NA~, ","19.3, ","885, ","~NA~, ","1.5, ","15, ","~NA~, ","TO-220-3 FullPak ","NA ","0 ","1.3194 ",
"NTPF600N80S3Z","Active","H Pb   ","N-Channel, ","PowerTrench® T1, ","TO-220FP, ","High Voltage, ","Standard, ","0, ","Single, ","0, ","800, ","600, ","20, ","3.8, ","8, ","28, ","~NA~, ","~NA~, ","~NA~, ","15.5, ","725, ","~NA~, ","910, ","12, ","0.85, ","TO-220-3 FullPak ","NA ","0 ","1.3945 ",
"NVB055N60S5F","Active","H Pb A P ","N-Channel, ","PowerTrench® T1, ","D2PAK-3, ","High Voltage, ","Standard, ","0, ","Single, ","0, ","600, ","55, ","30, ","4.8, ","45, ","275, ","~NA~, ","~NA~, ","~NA~, ","85.2, ","4603, ","~NA~, ","758, ","72.9, ","~NA~, ","D2PAK-3 / TO-263-2 ","1 ","245 ","3.9999 ",
"NVB072N65S3","Active","H Pb A P ","N-Channel, ","PowerTrench® T1, ","D2PAK-3, ","High Voltage, ","Standard, ","0, ","Single, ","0, ","650, ","72, ","±30, ","4.5, ","44, ","312, ","~NA~, ","~NA~, ","~NA~, ","82, ","3300, ","~NA~, ","14.3, ","72.8, ","14.6, ","D2PAK-3 / TO-263-2 ","1 ","245 ","3.9846 ",
"NVB082N65S3F","Active","H Pb A P ","N-Channel, ","PowerTrench® T1, ","D2PAK-3, ","High Voltage, ","Standard, ","0, ","Single, ","0, ","650, ","82, ","±30, ","5, ","40, ","313, ","~NA~, ","~NA~, ","~NA~, ","81, ","3410, ","~NA~, ","410, ","70, ","~NA~, ","D2PAK-3 / TO-263-2 ","1 ","245 ","4.2939 ",
"NVB095N65S3F","Active","H Pb A P ","N-Channel, ","PowerTrench® T1, ","D2PAK-3, ","High Voltage, ","Standard, ","0, ","Single, ","0, ","650, ","95, ","30, ","5, ","36, ","272, ","~NA~, ","~NA~, ","~NA~, ","66, ","3020, ","~NA~, ","349, ","61, ","7, ","D2PAK-3 / TO-263-2 ","1 ","245 ","2.9563 ",
"NVB099N65S3","Active","H Pb A P ","N-Channel, ","PowerTrench® T1, ","D2PAK-3, ","High Voltage, ","Standard, ","0, ","Single, ","0, ","650, ","99, ","30, ","4.5, ","30, ","227, ","~NA~, ","~NA~, ","~NA~, ","61, ","2480, ","~NA~, ","8.4, ","55, ","-, ","D2PAK-3 / TO-263-2 ","1 ","245 ","2.1318 ",
"NVB110N65S3F","Active","H Pb A P ","N-Channel, ","PowerTrench® T1, ","D2PAK-3, ","High Voltage, ","Standard, ","0, ","Single, ","0, ","650, ","110, ","±30, ","5, ","30, ","240, ","~NA~, ","~NA~, ","~NA~, ","58, ","2560, ","~NA~, ","343, ","50, ","~NA~, ","D2PAK-3 / TO-263-2 ","1 ","245 ","2.8277 ",
"NVB125N65S3","Active","H Pb A P ","N-Channel, ","PowerTrench® T1, ","D2PAK-3, ","High Voltage, ","Standard, ","0, ","Single, ","0, ","650, ","125, ","±30, ","4.5, ","24, ","181, ","~NA~, ","~NA~, ","~NA~, ","46, ","1940, ","~NA~, ","5.7, ","40, ","8.5, ","D2PAK-3 / TO-263-2 ","1 ","245 ","1.843 ",
"NVB150N65S3F","Active","H Pb A P ","N-Channel, ","PowerTrench® T1, ","D2PAK-3, ","High Voltage, ","Standard, ","0, ","Single, ","0, ","650, ","150, ","± 30, ","5, ","24, ","192, ","~NA~, ","~NA~, ","~NA~, ","43, ","1999, ","~NA~, ","300, ","40.1, ","~NA~, ","D2PAK-3 / TO-263-2 ","1 ","245 ","1.8755 ",
"NVB190N65S3F","Active","H Pb A P ","N-Channel, ","PowerTrench® T1, ","D2PAK-3, ","High Voltage, ","Standard, ","0, ","Single, ","0, ","650, ","190, ","± 30, ","5, ","20, ","162, ","N/A, ","N/A, ","N/A, ","34, ","1605, ","N/A, ","220, ","32, ","59, ","D2PAK-3 / TO-263-2 ","1 ","245 ","1.7273 ",
"NVB260N65S3","Active","H Pb A P ","N-Channel, ","PowerTrench® T1, ","D2PAK-3, ","High Voltage, ","Standard, ","0, ","Single, ","0, ","650, ","260, ","30, ","4.5, ","12, ","90, ","-, ","-, ","-, ","24, ","1010, ","-, ","3400, ","25, ","-, ","D2PAK-3 / TO-263-2 ","1 ","245 ","1.1696 ",
"NVBG089N65S3F","Active","H Pb A P ","N-Channel, ","PowerTrench® T1, ","D2PAK7, ","High Voltage, ","Standard, ","0, ","Single, ","0, ","650, ","89, ","30, ","5, ","37, ","291, ","~NA~, ","~NA~, ","~NA~, ","74, ","3598, ","~NA~, ","414, ","668, ","~NA~, ","D2PAK7 (TO-263-7L HV) ","1 ","260 ","5.4277 ",
"NVBG095N65S3F","Active","H Pb A P ","N-Channel, ","PowerTrench® T1, ","D2PAK7, ","High Voltage, ","Standard, ","0, ","Single, ","0, ","650, ","95, ","30, ","5, ","36, ","272, ","~NA~, ","~NA~, ","~NA~, ","66, ","3020, ","~NA~, ","372, ","61, ","~NA~, ","D2PAK7 (TO-263-7L HV) ","1 ","260 ","3.5671 ",
"NVBG110N65S3F","Active","H Pb A P ","N-Channel, ","PowerTrench® T1, ","D2PAK7, ","High Voltage, ","Standard, ","0, ","Single, ","0, ","650, ","110, ","30, ","5, ","30, ","240, ","~NA~, ","~NA~, ","~NA~, ","58, ","2560, ","~NA~, ","322, ","50, ","~NA~, ","D2PAK7 (TO-263-7L HV) ","1 ","260 ","3.0341 ",
"NVBG150N65S3F","Active","H Pb A P ","N-Channel, ","PowerTrench® T1, ","D2PAK7, ","High Voltage, ","Standard, ","0, ","Single, ","0, ","650, ","150, ","30, ","5, ","24, ","192, ","~NA~, ","~NA~, ","~NA~, ","45, ","2170, ","~NA~, ","277, ","41, ","~NA~, ","D2PAK7 (TO-263-7L HV) ","1 ","260 ","2.4654 ",
"NVBG190N65S3F","Active","H Pb A P ","N-Channel, ","PowerTrench® T1, ","D2PAK7, ","High Voltage, ","Standard, ","0, ","Single, ","0, ","650, ","190, ","30, ","5, ","20, ","162, ","~NA~, ","~NA~, ","~NA~, ","36, ","1710, ","~NA~, ","224, ","34, ","~NA~, ","D2PAK7 (TO-263-7L HV) ","1 ","260 ","2.1154 ",
"NVCR8LS025N65S3A","Active","H Pb A P ","N-Channel, ","PowerTrench® T1, ","Bare Die, ","High Voltage, ","Standard, ","0, ","Single, ","0, ","650, ","25, ","30, ","4.5, ","75, ","595, ","~NA~, ","~NA~, ","~NA~, ","236, ","7330, ","~NA~, ","26.4, ","197, ","33.6, ","- ","NA ","0 ","0.0 ",
"NVCR8LS040N65S3FA","Active","H Pb A P ","N-Channel, ","PowerTrench® T1, ","Bare Die, ","High Voltage, ","Standard, ","0, ","Single, ","0, ","650, ","40, ","30, ","5, ","65, ","446, ","~NA~, ","~NA~, ","~NA~, ","153, ","5875, ","~NA~, ","840, ","140, ","~NA~, ","- ","NA ","0 ","0.0 ",
"NVD260N65S3T4G","Active","H Pb A P ","N-Channel, ","PowerTrench® T1, ","DPAK-3, ","High Voltage, ","Standard, ","0, ","Single, ","0, ","650, ","260, ","30, ","4.5, ","12, ","90, ","-, ","-, ","-, ","24, ","1010, ","-, ","3400, ","25, ","-, ","DPAK-3 ","1 ","260 ","1.2132 ",
"NVD360N65S3T4G","Active","H Pb A P ","N-Channel, ","PowerTrench® T1, ","DPAK-3, ","High Voltage, ","Standard, ","0, ","Single, ","0, ","650, ","360, ","30, ","4.5, ","10, ","86, ","-, ","-, ","-, ","17, ","711, ","-, ","-, ","18, ","-, ","DPAK-3 ","1 ","260 ","1.0314 ",
"NVH040N65S3F","Active","H Pb A P ","N-Channel, ","PowerTrench® T1, ","TO-247-3, ","High Voltage, ","Standard, ","0, ","Single, ","0, ","650, ","40, ","30, ","5, ","65, ","446, ","-, ","-, ","-, ","153, ","5875, ","-, ","840, ","140, ","-, ","TO-247-3 ","NA ","0 ","8.6172 ",
"NVH050N65S3F","Active","H Pb A P ","N-Channel, ","PowerTrench® T1, ","TO-247-3, ","High Voltage, ","Standard, ","0, ","Single, ","0, ","650, ","50, ","±30, ","5, ","58, ","403, ","~NA~, ","~NA~, ","~NA~, ","123, ","5404, ","~NA~, ","603, ","110, ","13, ","TO-247-3 ","NA ","0 ","6.1876 ",
"NVH082N65S3F","Active","H Pb A P ","N-Channel, ","PowerTrench® T1, ","TO-247-3, ","High Voltage, ","Standard, ","0, ","Single, ","0, ","650, ","82, ","30, ","5, ","40, ","313, ","~NA~, ","~NA~, ","~NA~, ","81, ","3410, ","~NA~, ","410, ","70, ","~NA~, ","TO-247-3 ","NA ","0 ","4.0763 ",
"NVH4L027N65S3F","Active","H Pb A P ","N-Channel, ","PowerTrench® T1, ","TO-247-4, ","High Voltage, ","Standard, ","0, ","Single, ","0, ","650, ","27.4, ","30, ","5, ","75, ","595, ","-, ","-, ","-, ","227, ","7780, ","-, ","1098, ","200, ","-, ","TO-247-4 ","NA ","0 ","11.6222 ",
"NVH4L040N65S3F","Active","H Pb A P ","N-Channel, ","PowerTrench® T1, ","TO-247-4, ","High Voltage, ","Standard, ","0, ","Single, ","0, ","650, ","40, ","30, ","5, ","65, ","446, ","-, ","-, ","-, ","160, ","5665, ","-, ","745, ","148, ","15.8, ","TO-247-4 ","NA ","0 ","7.6441 ",
"NVH4L050N65S3F","Active","H Pb A P ","N-Channel, ","PowerTrench® T1, ","TO-247-4, ","High Voltage, ","Standard, ","0, ","Single, ","0, ","650, ","50, ","30, ","5, ","58, ","403, ","-, ","-, ","-, ","119, ","4880, ","-, ","606, ","113, ","-, ","TO-247-4 ","NA ","0 ","5.9894 ",
"NVH4L110N65S3F","Active","H Pb A P ","N-Channel, ","PowerTrench® T1, ","TO-247-4, ","High Voltage, ","Standard, ","0, ","Single, ","0, ","650, ","110, ","30, ","5, ","30, ","240, ","-, ","-, ","-, ","58, ","2560, ","-, ","343, ","50, ","-, ","TO-247-4 ","NA ","0 ","3.0529 ",
"NVHL025N65S3","Active","H Pb A P ","N-Channel, ","PowerTrench® T1, ","TO-247-3, ","High Voltage, ","Standard, ","0, ","Single, ","0, ","650, ","25, ","30, ","4.5, ","75, ","595, ","~NA~, ","~NA~, ","~NA~, ","236, ","7330, ","~NA~, ","26.4, ","197, ","33.6, ","TO-247-3LD ","NA ","0 ","11.9099 ",
"NVHL027N65S3F","Active","H Pb A P ","N-Channel, ","PowerTrench® T1, ","TO-247-3, ","High Voltage, ","Standard, ","0, ","Single, ","0, ","650, ","27.4, ","±30, ","5, ","75, ","595, ","~NA~, ","~NA~, ","~NA~, ","227, ","7780, ","~NA~, ","1098, ","200, ","347, ","TO-247-3LD ","NA ","0 ","11.4046 ",
"NVHL040N60S5F","Active","H Pb A P ","N-Channel, ","PowerTrench® T1, ","TO-247-3, ","High Voltage, ","Standard, ","0, ","Single, ","0, ","600, ","40, ","30, ","4.8, ","59, ","347, ","~NA~, ","~NA~, ","~NA~, ","115, ","6318, ","~NA~, ","917, ","98.9, ","~NA~, ","TO-247-3LD ","NA ","0 ","5.9441 ",
"NVHL040N65S3","Active"," Pb A P ","N-Channel, ","PowerTrench® T1, ","TO-247-3, ","High Voltage, ","Standard, ","0, ","Single, ","0, ","650, ","40, ","±30, ","4.5, ","65, ","417, ","~NA~, ","~NA~, ","~NA~, ","136, ","4740, ","~NA~, ","13.6, ","120, ","~NA~, ","TO-247-3LD ","NA ","0 ","6.0081 ",
"NVHL040N65S3F","Active","H Pb A P ","N-Channel, ","PowerTrench® T1, ","TO-247-3, ","High Voltage, ","Standard, ","0, ","Single, ","0, ","650, ","40, ","±30, ","5, ","65, ","446, ","~NA~, ","~NA~, ","~NA~, ","153, ","5875, ","~NA~, ","840, ","140, ","241, ","TO-247-3LD ","NA ","0 ","7.8865 ",
"NVHL040N65S3HF","Active","H Pb A P ","N-Channel, ","PowerTrench® T1, ","TO-247-3, ","High Voltage, ","Standard, ","0, ","Single, ","0, ","650, ","40, ","30, ","5, ","65, ","446, ","-, ","-, ","-, ","157, ","6655, ","-, ","792, ","143, ","-, ","TO-247-3LD ","NA ","0 ","6.7109 ",
"NVHL050N65S3F","Active","H Pb A P ","N-Channel, ","PowerTrench® T1, ","TO-247-3, ","High Voltage, ","Standard, ","0, ","Single, ","0, ","650, ","50, ","±30, ","5, ","58, ","403, ","~NA~, ","~NA~, ","~NA~, ","123, ","5404, ","~NA~, ","603, ","198, ","13, ","TO-247-3LD ","NA ","0 ","6.0161 ",
"NVHL050N65S3HF","Active","H Pb A P ","N-Channel, ","PowerTrench® T1, ","TO-247-3, ","High Voltage, ","Standard, ","0, ","Single, ","0, ","650, ","50, ","±30, ","5, ","58, ","403, ","~NA~, ","~NA~, ","~NA~, ","119, ","4880, ","~NA~, ","606, ","113, ","~NA~, ","TO-247-3LD ","NA ","0 ","4.7105 ",
"NVHL055N60S5F","Active","H Pb A P ","N-Channel, ","PowerTrench® T1, ","TO-247-3, ","High Voltage, ","Standard, ","0, ","Single, ","0, ","600, ","55, ","30, ","4.8, ","45, ","275, ","~NA~, ","~NA~, ","~NA~, ","85.2, ","4603, ","~NA~, ","758, ","72.9, ","~NA~, ","TO-247-3LD ","NA ","0 ","4.5231 ",
"NVHL065N65S3F","Active","H Pb A P ","N-Channel, ","PowerTrench® T1, ","TO-247-3, ","High Voltage, ","Standard, ","0, ","Single, ","0, ","650, ","65, ","30, ","5, ","46, ","337, ","-, ","-, ","-, ","98, ","4075, ","-, ","488, ","95, ","11, ","TO-247-3 ","NA ","0 ","4.1206 ",
"NVHL072N65S3","Active","H Pb A P ","N-Channel, ","PowerTrench® T1, ","TO-247-3, ","High Voltage, ","Standard, ","0, ","Single, ","0, ","650, ","72, ","±30, ","4.5, ","44, ","312, ","~NA~, ","~NA~, ","~NA~, ","82, ","3300, ","~NA~, ","14.3, ","72.8, ","104, ","TO-247-3LD ","NA ","0 ","3.8986 ",
"NVHL082N65S3F","Active","H Pb A P ","N-Channel, ","PowerTrench® T1, ","TO-247-3, ","High Voltage, ","Standard, ","0, ","Single, ","0, ","650, ","82, ","±30, ","5, ","40, ","313, ","~NA~, ","~NA~, ","~NA~, ","81, ","3410, ","~NA~, ","410, ","70, ","126, ","TO-247-3LD ","NA ","0 ","4.4646 ",
"NVHL082N65S3HF","Active","H Pb A P ","N-Channel, ","PowerTrench® T1, ","TO-247-3, ","High Voltage, ","Standard, ","0, ","Single, ","0, ","650, ","82, ","30, ","5, ","40, ","313, ","-, ","-, ","-, ","78, ","3627, ","-, ","422, ","71, ","-, ","TO-247-3LD ","NA ","0 ","3.9453 ",
"NVHL095N65S3F","Active","H Pb A P ","N-Channel, ","PowerTrench® T1, ","TO-247-3, ","High Voltage, ","Standard, ","0, ","Single, ","0, ","650, ","95, ","30, ","5, ","36, ","272, ","~NA~, ","~NA~, ","~NA~, ","66, ","3020, ","~NA~, ","349, ","61, ","7, ","TO-247-3LD ","NA ","0 ","3.4351 ",
"NVHL095N65S3HF","Active","H Pb A P ","N-Channel, ","PowerTrench® T1, ","TO-247-3, ","High Voltage, ","Standard, ","0, ","Single, ","0, ","650, ","95, ","30, ","5, ","36, ","272, ","-, ","-, ","-, ","66, ","3105, ","-, ","363, ","65, ","-, ","TO-247-3LD ","NA ","0 ","3.4669 ",
"NVHL110N65S3F","Active"," Pb A P ","N-Channel, ","PowerTrench® T1, ","TO-247-3, ","High Voltage, ","Standard, ","0, ","Single, ","0, ","650, ","110, ","±30, ","5, ","30, ","240, ","~NA~, ","~NA~, ","~NA~, ","58, ","2560, ","~NA~, ","343, ","50, ","83, ","TO-247-3LD ","NA ","0 ","2.833 ",
"NVHL110N65S3HF","Active","H Pb A P ","N-Channel, ","PowerTrench® T1, ","TO-247-3, ","High Voltage, ","Standard, ","0, ","Single, ","0, ","650, ","110, ","30, ","5, ","30, ","240, ","-, ","-, ","-, ","58, ","2753, ","-, ","128, ","52, ","-, ","TO-247-3LD ","NA ","0 ","3.141 ",
