part,fam,size,ui,cl_a,cl_b,cl_c,cl_d,ds_a,ds_b,ds_c,ds_d,cal_bpk_g,cal_f_khz,cal_cl_nom_mw_cm3,cal_h_oe,cal_perm_nom_pct,cal_perm_min_pct
FS-014014-8,FS,014,14,1e+06,6.131e+07,2.047e+06,6.095e-14,0.01,2.6e-07,1.557,0,300.0,100.0,399.0,200.0,90.9,88.3
FS-014026-8,FS,014,26,1e+06,1.812e+08,3.251e+06,6.158e-14,0.01,9.21e-08,1.912,0,300.0,100.0,214.0,200.0,81.2,75.3
FS-014040-8,FS,014,40,1e+06,3.071e+08,3.524e+06,5.634e-14,0.01,6.314e-08,2.151,0,1000.0,50.0,780.0,200.0,64.0,54.5
FS-014060-8,FS,014,60,1e+06,3.903e+08,3.785e+06,5.229e-14,0.01,1.949e-07,2.099,0,1000.0,50.0,676.0,150.0,58.1,48.6
FS-014075-8,FS,014,75,2.188e+09,4.371e+08,3.489e+06,4.492e-14,0.01,1.452e-07,2.33,0,1000.0,50.0,631.0,80.0,71.7,62.4
FS-014090-8,FS,014,90,4.222e+08,6.073e+08,2.905e+06,4.589e-14,0.01,9.719e-07,1.995,0,1000.0,50.0,571.0,50.0,80.7,74.4
FS-200014-2,FS,200,14,1e+06,6.131e+07,2.047e+06,6.095e-14,0.01,2.6e-07,1.557,0,300.0,100.0,399.0,200.0,90.9,88.3
FS-200026-2,FS,200,26,1e+06,1.812e+08,3.251e+06,6.158e-14,0.01,9.21e-08,1.912,0,300.0,100.0,214.0,200.0,81.2,75.3
FS-200040-2,FS,200,40,1e+06,3.071e+08,3.524e+06,5.634e-14,0.01,6.314e-08,2.151,0,1000.0,50.0,780.0,200.0,64.0,54.5
FS-200060-2,FS,200,60,1e+06,3.903e+08,3.785e+06,5.229e-14,0.01,1.949e-07,2.099,0,1000.0,50.0,676.0,150.0,58.1,48.6
FS-200075-2,FS,200,75,2.188e+09,4.371e+08,3.489e+06,4.492e-14,0.01,1.452e-07,2.33,0,1000.0,50.0,631.0,80.0,71.7,62.4
FS-200090-2,FS,200,90,4.222e+08,6.073e+08,2.905e+06,4.589e-14,0.01,9.719e-07,1.995,0,1000.0,50.0,571.0,50.0,80.7,74.4
FS-225014-2,FS,225,14,1e+06,6.131e+07,2.047e+06,6.095e-14,0.01,2.6e-07,1.557,0,300.0,100.0,399.0,200.0,90.9,88.3
FS-225026-2,FS,225,26,1e+06,1.812e+08,3.251e+06,6.158e-14,0.01,9.21e-08,1.912,0,300.0,100.0,214.0,200.0,81.2,75.3
FS-225040-2,FS,225,40,1e+06,3.071e+08,3.524e+06,5.634e-14,0.01,6.314e-08,2.151,0,1000.0,50.0,780.0,200.0,64.0,54.5
FS-225060-2,FS,225,60,1e+06,3.903e+08,3.785e+06,5.229e-14,0.01,1.949e-07,2.099,0,1000.0,50.0,676.0,150.0,58.1,48.6
FS-225075-2,FS,225,75,2.188e+09,4.371e+08,3.489e+06,4.492e-14,0.01,1.452e-07,2.33,0,1000.0,50.0,631.0,80.0,71.7,62.4
FS-225090-2,FS,225,90,4.222e+08,6.073e+08,2.905e+06,4.589e-14,0.01,9.719e-07,1.995,0,1000.0,50.0,571.0,50.0,80.7,74.4
FS-226014-2,FS,226,14,1e+06,6.131e+07,2.047e+06,6.095e-14,0.01,2.6e-07,1.557,0,300.0,100.0,399.0,200.0,90.9,88.3
FS-226026-2,FS,226,26,1e+06,1.812e+08,3.251e+06,6.158e-14,0.01,9.21e-08,1.912,0,300.0,100.0,214.0,200.0,81.2,75.3
FS-226040-2,FS,226,40,1e+06,3.071e+08,3.524e+06,5.634e-14,0.01,6.314e-08,2.151,0,1000.0,50.0,780.0,200.0,64.0,54.5
FS-226060-2,FS,226,60,1e+06,3.903e+08,3.785e+06,5.229e-14,0.01,1.949e-07,2.099,0,1000.0,50.0,676.0,150.0,58.1,48.6
FS-226075-2,FS,226,75,2.188e+09,4.371e+08,3.489e+06,4.492e-14,0.01,1.452e-07,2.33,0,1000.0,50.0,631.0,80.0,71.7,62.4
FS-226090-2,FS,226,90,4.222e+08,6.073e+08,2.905e+06,4.589e-14,0.01,9.719e-07,1.995,0,1000.0,50.0,571.0,50.0,80.7,74.4
FS-250014-2,FS,250,14,1e+06,6.131e+07,2.047e+06,6.095e-14,0.01,2.6e-07,1.557,0,300.0,100.0,399.0,200.0,90.9,88.3
FS-250026-2,FS,250,26,1e+06,1.812e+08,3.251e+06,6.158e-14,0.01,9.21e-08,1.912,0,300.0,100.0,214.0,200.0,81.2,75.3
FS-250040-2,FS,250,40,1e+06,3.071e+08,3.524e+06,5.634e-14,0.01,6.314e-08,2.151,0,1000.0,50.0,780.0,200.0,64.0,54.5
FS-250060-2,FS,250,60,1e+06,3.903e+08,3.785e+06,5.229e-14,0.01,1.949e-07,2.099,0,1000.0,50.0,676.0,150.0,58.1,48.6
FS-250075-2,FS,250,75,2.188e+09,4.371e+08,3.489e+06,4.492e-14,0.01,1.452e-07,2.33,0,1000.0,50.0,631.0,80.0,71.7,62.4
FS-250090-2,FS,250,90,4.222e+08,6.073e+08,2.905e+06,4.589e-14,0.01,9.719e-07,1.995,0,1000.0,50.0,571.0,50.0,80.7,74.4
FS-292014-2,FS,292,14,1e+06,6.131e+07,2.047e+06,6.095e-14,0.01,2.6e-07,1.557,0,300.0,100.0,399.0,200.0,90.9,88.3
FS-292026-2,FS,292,26,1e+06,1.812e+08,3.251e+06,6.158e-14,0.01,9.21e-08,1.912,0,300.0,100.0,214.0,200.0,81.2,75.3
FS-292040-2,FS,292,40,1e+06,3.071e+08,3.524e+06,5.634e-14,0.01,6.314e-08,2.151,0,1000.0,50.0,780.0,200.0,64.0,54.5
FS-292060-2,FS,292,60,1e+06,3.903e+08,3.785e+06,5.229e-14,0.01,1.949e-07,2.099,0,1000.0,50.0,676.0,150.0,58.1,48.6
FS-292075-2,FS,292,75,2.188e+09,4.371e+08,3.489e+06,4.492e-14,0.01,1.452e-07,2.33,0,1000.0,50.0,631.0,80.0,71.7,62.4
FS-292090-2,FS,292,90,4.222e+08,6.073e+08,2.905e+06,4.589e-14,0.01,9.719e-07,1.995,0,1000.0,50.0,571.0,50.0,80.7,74.4
FS-300014-2,FS,300,14,1e+06,6.131e+07,2.047e+06,6.095e-14,0.01,2.6e-07,1.557,0,300.0,100.0,399.0,200.0,90.9,88.3
FS-300026-2,FS,300,26,1e+06,1.812e+08,3.251e+06,6.158e-14,0.01,9.21e-08,1.912,0,300.0,100.0,214.0,200.0,81.2,75.3
FS-300040-2,FS,300,40,1e+06,3.071e+08,3.524e+06,5.634e-14,0.01,6.314e-08,2.151,0,1000.0,50.0,780.0,200.0,64.0,54.5
FS-300060-2,FS,300,60,1e+06,3.903e+08,3.785e+06,5.229e-14,0.01,1.949e-07,2.099,0,1000.0,50.0,676.0,150.0,58.1,48.6
FS-300075-2,FS,300,75,2.188e+09,4.371e+08,3.489e+06,4.492e-14,0.01,1.452e-07,2.33,0,1000.0,50.0,631.0,80.0,71.7,62.4
FS-300090-2,FS,300,90,4.222e+08,6.073e+08,2.905e+06,4.589e-14,0.01,9.719e-07,1.995,0,1000.0,50.0,571.0,50.0,80.7,74.4
FS-301014-2,FS,301,14,1e+06,6.131e+07,2.047e+06,6.095e-14,0.01,2.6e-07,1.557,0,300.0,100.0,399.0,200.0,90.9,88.3
FS-301026-2,FS,301,26,1e+06,1.812e+08,3.251e+06,6.158e-14,0.01,9.21e-08,1.912,0,300.0,100.0,214.0,200.0,81.2,75.3
FS-301040-2,FS,301,40,1e+06,3.071e+08,3.524e+06,5.634e-14,0.01,6.314e-08,2.151,0,1000.0,50.0,780.0,200.0,64.0,54.5
FS-301060-2,FS,301,60,1e+06,3.903e+08,3.785e+06,5.229e-14,0.01,1.949e-07,2.099,0,1000.0,50.0,676.0,150.0,58.1,48.6
FS-301075-2,FS,301,75,2.188e+09,4.371e+08,3.489e+06,4.492e-14,0.01,1.452e-07,2.33,0,1000.0,50.0,631.0,80.0,71.7,62.4
FS-301090-2,FS,301,90,4.222e+08,6.073e+08,2.905e+06,4.589e-14,0.01,9.719e-07,1.995,0,1000.0,50.0,571.0,50.0,80.7,74.4
FS-350014-2,FS,350,14,1e+06,6.131e+07,2.047e+06,6.095e-14,0.01,2.6e-07,1.557,0,300.0,100.0,399.0,200.0,90.9,88.3
FS-350026-2,FS,350,26,1e+06,1.812e+08,3.251e+06,6.158e-14,0.01,9.21e-08,1.912,0,300.0,100.0,214.0,200.0,81.2,75.3
FS-350040-2,FS,350,40,1e+06,3.071e+08,3.524e+06,5.634e-14,0.01,6.314e-08,2.151,0,1000.0,50.0,780.0,200.0,64.0,54.5
FS-350060-2,FS,350,60,1e+06,3.903e+08,3.785e+06,5.229e-14,0.01,1.949e-07,2.099,0,1000.0,50.0,676.0,150.0,58.1,48.6
FS-350075-2,FS,350,75,2.188e+09,4.371e+08,3.489e+06,4.492e-14,0.01,1.452e-07,2.33,0,1000.0,50.0,631.0,80.0,71.7,62.4
FS-350090-2,FS,350,90,4.222e+08,6.073e+08,2.905e+06,4.589e-14,0.01,9.719e-07,1.995,0,1000.0,50.0,571.0,50.0,80.7,74.4
FS-400014-2,FS,400,14,1e+06,6.131e+07,2.047e+06,6.095e-14,0.01,2.6e-07,1.557,0,300.0,100.0,399.0,200.0,90.9,88.3
FS-400026-2,FS,400,26,1e+06,1.812e+08,3.251e+06,6.158e-14,0.01,9.21e-08,1.912,0,300.0,100.0,214.0,200.0,81.2,75.3
FS-400040-2,FS,400,40,1e+06,3.071e+08,3.524e+06,5.634e-14,0.01,6.314e-08,2.151,0,1000.0,50.0,780.0,200.0,64.0,54.5
FS-400060-2,FS,400,60,1e+06,3.903e+08,3.785e+06,5.229e-14,0.01,3.842e-07,2.008,0,1000.0,50.0,676.0,150.0,52.7,43.6
FS-400075-2,FS,400,75,2.188e+09,4.371e+08,3.489e+06,4.492e-14,0.01,1.452e-07,2.33,0,1000.0,50.0,631.0,80.0,71.7,62.4
FS-400090-2,FS,400,90,4.222e+08,6.073e+08,2.905e+06,4.589e-14,0.01,9.719e-07,1.995,0,1000.0,50.0,571.0,50.0,80.7,74.4
FS-401014-2,FS,401,14,1e+06,6.131e+07,2.047e+06,6.095e-14,0.01,2.6e-07,1.557,0,300.0,100.0,399.0,200.0,90.9,88.3
FS-401026-2,FS,401,26,1e+06,1.812e+08,3.251e+06,6.158e-14,0.01,9.21e-08,1.912,0,300.0,100.0,214.0,200.0,81.2,75.3
FS-401040-2,FS,401,40,1e+06,3.071e+08,3.524e+06,5.634e-14,0.01,6.314e-08,2.151,0,1000.0,50.0,780.0,200.0,64.0,54.5
FS-401060-2,FS,401,60,1e+06,3.903e+08,3.785e+06,5.229e-14,0.01,3.842e-07,2.008,0,1000.0,50.0,676.0,150.0,52.7,43.6
FS-401075-2,FS,401,75,2.188e+09,4.371e+08,3.489e+06,4.492e-14,0.01,1.452e-07,2.33,0,1000.0,50.0,631.0,80.0,71.7,62.4
FS-401090-2,FS,401,90,4.222e+08,6.073e+08,2.905e+06,4.589e-14,0.01,9.719e-07,1.995,0,1000.0,50.0,571.0,50.0,80.7,74.4
FS-520014-2,FS,520,14,1e+06,2.165e+08,3.644e+06,4.961e-14,0.01,5.273e-07,1.418,0,300.0,100.0,181.0,200.0,91.2,88.9
FS-520026-2,FS,520,26,3.903e+07,3.722e+08,2.806e+06,6.252e-14,0.01,7.876e-07,1.562,0,300.0,100.0,159.0,200.0,76.3,70.8
FS-520040-2,FS,520,40,1e+06,3.071e+08,3.524e+06,5.634e-14,0.01,6.314e-08,2.151,0,1000.0,50.0,780.0,200.0,64.0,54.5
FS-520060-2,FS,520,60,7.643e+08,4.515e+08,1.118e+06,4.367e-14,0.01,3.374e-06,1.62,0,1000.0,50.0,822.0,150.0,47.0,39.7
FS-520075-2,FS,520,75,9.18e+08,4.946e+08,2.182e+06,4.005e-14,0.01,1.306e-06,1.891,0,1000.0,50.0,670.0,80.0,65.8,57.7
FS-521014-2,FS,521,14,1e+06,2.165e+08,3.644e+06,4.961e-14,0.01,5.273e-07,1.418,0,300.0,100.0,181.0,200.0,91.2,88.9
FS-521026-2,FS,521,26,3.903e+07,3.722e+08,2.806e+06,6.252e-14,0.01,7.876e-07,1.562,0,300.0,100.0,159.0,200.0,76.3,70.8
FS-521040-2,FS,521,40,1e+06,3.071e+08,3.524e+06,5.634e-14,0.01,6.314e-08,2.151,0,1000.0,50.0,780.0,200.0,64.0,54.5
FS-521060-2,FS,521,60,7.643e+08,4.515e+08,1.118e+06,4.367e-14,0.01,3.374e-06,1.62,0,1000.0,50.0,822.0,150.0,47.0,39.7
FS-521075-2,FS,521,75,9.18e+08,4.946e+08,2.182e+06,4.005e-14,0.01,1.306e-06,1.891,0,1000.0,50.0,670.0,80.0,65.8,57.7
FS-600014-2,FS,600,14,1e+06,2.165e+08,3.644e+06,4.961e-14,0.01,5.273e-07,1.418,0,300.0,100.0,181.0,200.0,91.2,88.9
FS-600026-2,FS,600,26,3.903e+07,3.722e+08,2.806e+06,6.252e-14,0.01,7.876e-07,1.562,0,300.0,100.0,159.0,200.0,76.3,70.8
FS-600040-2,FS,600,40,1e+06,3.071e+08,3.524e+06,5.634e-14,0.01,6.314e-08,2.151,0,1000.0,50.0,780.0,200.0,64.0,54.5
FS-600060-2,FS,600,60,7.643e+08,4.515e+08,1.118e+06,4.367e-14,0.01,3.374e-06,1.62,0,1000.0,50.0,822.0,150.0,47.0,39.7
FS-600075-2,FS,600,75,9.18e+08,4.946e+08,2.182e+06,4.005e-14,0.01,1.306e-06,1.891,0,1000.0,50.0,670.0,80.0,65.8,57.7
FS-601014-2,FS,601,14,1e+06,2.165e+08,3.644e+06,4.961e-14,0.01,5.273e-07,1.418,0,300.0,100.0,181.0,200.0,91.2,88.9
FS-601026-2,FS,601,26,3.903e+07,3.722e+08,2.806e+06,6.252e-14,0.01,7.876e-07,1.562,0,300.0,100.0,159.0,200.0,76.3,70.8
FS-601040-2,FS,601,40,1e+06,3.071e+08,3.524e+06,5.634e-14,0.01,6.314e-08,2.151,0,1000.0,50.0,780.0,200.0,64.0,54.5
FS-601060-2,FS,601,60,7.643e+08,4.515e+08,1.118e+06,4.367e-14,0.01,3.374e-06,1.62,0,1000.0,50.0,822.0,150.0,47.0,39.7
FS-601075-2,FS,601,75,9.18e+08,4.946e+08,2.182e+06,4.005e-14,0.01,1.306e-06,1.891,0,1000.0,50.0,670.0,80.0,65.8,57.7
FS-650014-2,FS,650,14,1e+06,2.165e+08,3.644e+06,4.961e-14,0.01,5.273e-07,1.418,0,300.0,100.0,181.0,200.0,91.2,88.9
FS-650026-2,FS,650,26,3.903e+07,3.722e+08,2.806e+06,6.252e-14,0.01,7.876e-07,1.562,0,300.0,100.0,159.0,200.0,76.3,70.8
FS-650060-2,FS,650,60,7.643e+08,4.515e+08,1.118e+06,4.367e-14,0.01,3.374e-06,1.62,0,1000.0,50.0,822.0,150.0,47.0,39.7
FS-775014-2,FS,775,14,1e+06,2.165e+08,3.644e+06,4.961e-14,0.01,5.273e-07,1.418,0,300.0,100.0,181.0,200.0,91.2,88.9
FS-775026-2,FS,775,26,3.903e+07,3.722e+08,2.806e+06,6.252e-14,0.01,7.876e-07,1.562,0,300.0,100.0,159.0,200.0,76.3,70.8
FS-775060-2,FS,775,60,7.643e+08,4.515e+08,1.118e+06,4.367e-14,0.01,3.374e-06,1.62,0,1000.0,50.0,822.0,150.0,47.0,39.7
HF-014014-8,HF,014,14,1e+06,1.673e+08,2.088e+06,1.975e-14,0.01,8.988e-08,1.784,0,300.0,100.0,215.0,200.0,89.7,80.7
HF-014026-8,HF,014,26,1e+06,4.409e+08,2.242e+06,1.023e-14,0.01,1.568e-07,1.833,0,300.0,100.0,103.0,200.0,79.4,69.4
HF-014060-8,HF,014,60,1.389e+09,1.17e+09,2.871e+06,9.446e-15,0.01,1.672e-07,2.111,0,1000.0,50.0,300.0,150.0,60.4,46.9
HF-014125-8,HF,014,125,8.064e+09,1.223e+09,2.706e+06,2.045e-14,0.01,2.848e-07,2.371,0,1000.0,50.0,311.0,40.0,84.8,74.4
HF-014147-8,HF,014,147,4.299e+10,6.671e+08,3.114e+06,8.003e-14,0.01,1.248e-06,2.169,0,1000.0,50.0,509.0,40.0,72.9,64.4
HF-014160-8,HF,014,160,4.299e+10,6.671e+08,3.114e+06,8.003e-14,0.01,1.434e-06,2.169,0,1000.0,50.0,509.0,40.0,70.0,61.1
HF-015125-8,HF,015,125,8.064e+09,1.223e+09,2.706e+06,2.045e-14,0.01,2.848e-07,2.371,0,1000.0,50.0,311.0,40.0,84.8,74.4
HF-018125-8,HF,018,125,8.064e+09,1.223e+09,2.706e+06,2.045e-14,0.01,2.848e-07,2.371,0,1000.0,50.0,311.0,40.0,84.8,74.4
HF-025125-8,HF,025,125,8.064e+09,1.223e+09,2.706e+06,2.045e-14,0.01,2.848e-07,2.371,0,1000.0,50.0,311.0,40.0,84.8,74.4
HF-026125-8,HF,026,125,8.064e+09,1.223e+09,2.706e+06,2.045e-14,0.01,2.848e-07,2.371,0,1000.0,50.0,311.0,40.0,84.8,74.4
HF-027125-8,HF,027,125,8.064e+09,1.223e+09,2.706e+06,2.045e-14,0.01,2.848e-07,2.371,0,1000.0,50.0,311.0,40.0,84.8,74.4
HF-028125-8,HF,028,125,8.064e+09,1.223e+09,2.706e+06,2.045e-14,0.01,2.848e-07,2.371,0,1000.0,50.0,311.0,40.0,84.8,74.4
HF-031125-8,HF,031,125,8.064e+09,1.223e+09,2.706e+06,2.045e-14,0.01,2.848e-07,2.371,0,1000.0,50.0,311.0,40.0,84.8,74.4
HF-038125-8,HF,038,125,8.064e+09,1.223e+09,2.706e+06,2.045e-14,0.01,2.848e-07,2.371,0,1000.0,50.0,311.0,40.0,84.8,74.4
HF-039125-8,HF,039,125,8.064e+09,1.223e+09,2.706e+06,2.045e-14,0.01,2.848e-07,2.371,0,1000.0,50.0,311.0,40.0,84.8,74.4
HF-040125-2,HF,040,125,8.064e+09,1.223e+09,2.706e+06,2.045e-14,0.01,2.848e-07,2.371,0,1000.0,50.0,311.0,40.0,84.8,74.4
HF-044125-2,HF,044,125,8.064e+09,1.223e+09,2.706e+06,2.045e-14,0.01,2.848e-07,2.371,0,1000.0,50.0,311.0,40.0,84.8,74.4
HF-050125-2,HF,050,125,8.064e+09,1.223e+09,2.706e+06,2.045e-14,0.01,2.848e-07,2.371,0,1000.0,50.0,311.0,40.0,84.8,74.4
HF-065125-2,HF,065,125,8.064e+09,1.223e+09,2.706e+06,2.045e-14,0.01,2.848e-07,2.371,0,1000.0,50.0,311.0,40.0,84.8,74.4
HF-068125-2,HF,068,125,8.064e+09,1.223e+09,2.706e+06,2.045e-14,0.01,2.848e-07,2.371,0,1000.0,50.0,311.0,40.0,84.8,74.4
HF-080125-2,HF,080,125,8.064e+09,1.223e+09,2.706e+06,2.045e-14,0.01,2.848e-07,2.371,0,1000.0,50.0,311.0,40.0,84.8,76.4
HF-090125-2,HF,090,125,8.064e+09,1.223e+09,2.706e+06,2.045e-14,0.01,2.848e-07,2.371,0,1000.0,50.0,311.0,40.0,84.8,76.4
HF-092125-2,HF,092,125,8.064e+09,1.223e+09,2.706e+06,2.045e-14,0.01,2.848e-07,2.371,0,1000.0,50.0,311.0,40.0,84.8,76.4
HF-106125-2,HF,106,125,8.064e+09,1.223e+09,2.706e+06,2.045e-14,0.01,2.848e-07,2.371,0,1000.0,50.0,311.0,40.0,84.8,78.4
HF-107125-2,HF,107,125,8.064e+09,1.223e+09,2.706e+06,2.045e-14,0.01,2.848e-07,2.371,0,1000.0,50.0,311.0,40.0,84.8,78.4
HF-108125-2,HF,108,125,8.064e+09,1.223e+09,2.706e+06,2.045e-14,0.01,2.848e-07,2.371,0,1000.0,50.0,311.0,40.0,84.8,78.4
HF-109125-2,HF,109,125,8.064e+09,1.223e+09,2.706e+06,2.045e-14,0.01,2.848e-07,2.371,0,1000.0,50.0,311.0,40.0,84.8,78.4
HF-130125-2,HF,130,125,8.064e+09,1.223e+09,2.706e+06,2.045e-14,0.01,2.848e-07,2.371,0,1000.0,50.0,311.0,40.0,84.8,78.4
HF-131125-2,HF,131,125,8.064e+09,1.223e+09,2.706e+06,2.045e-14,0.01,2.848e-07,2.371,0,1000.0,50.0,311.0,40.0,84.8,78.4
HF-132125-2,HF,132,125,8.064e+09,1.223e+09,2.706e+06,2.045e-14,0.01,2.848e-07,2.371,0,1000.0,50.0,311.0,40.0,84.8,78.4
HF-133125-2,HF,133,125,8.064e+09,1.223e+09,2.706e+06,2.045e-14,0.01,2.848e-07,2.371,0,1000.0,50.0,311.0,40.0,84.8,78.4
HF-134125-2,HF,134,125,8.064e+09,1.223e+09,2.706e+06,2.045e-14,0.01,2.848e-07,2.371,0,1000.0,50.0,311.0,40.0,84.8,78.4
HF-135125-2,HF,135,125,8.064e+09,1.223e+09,2.706e+06,2.045e-14,0.01,2.848e-07,2.371,0,1000.0,50.0,311.0,40.0,84.8,78.4
HF-141125-2,HF,141,125,8.064e+09,1.223e+09,2.706e+06,2.045e-14,0.01,2.848e-07,2.371,0,1000.0,50.0,311.0,40.0,84.8,78.4
HF-157125-2,HF,157,125,8.064e+09,1.223e+09,2.706e+06,2.045e-14,0.01,2.848e-07,2.371,0,1000.0,50.0,311.0,40.0,84.8,78.4
HF-184125-2,HF,184,125,8.064e+09,1.223e+09,2.706e+06,2.045e-14,0.01,2.848e-07,2.371,0,1000.0,50.0,311.0,40.0,84.8,76.4
HF-185125-2,HF,185,125,8.064e+09,1.223e+09,2.706e+06,2.045e-14,0.01,2.848e-07,2.371,0,1000.0,50.0,311.0,40.0,84.8,76.4
HF-200014-2,HF,200,14,1e+06,1.673e+08,2.088e+06,1.975e-14,0.01,8.988e-08,1.784,0,300.0,100.0,215.0,200.0,89.7,82.7
HF-200026-2,HF,200,26,1e+06,4.409e+08,2.242e+06,1.023e-14,0.01,1.568e-07,1.833,0,300.0,100.0,103.0,200.0,79.4,71.4
HF-200060-2,HF,200,60,1.389e+09,1.17e+09,2.871e+06,9.446e-15,0.01,1.672e-07,2.111,0,1000.0,50.0,300.0,150.0,60.4,48.9
HF-200125-2,HF,200,125,8.064e+09,1.223e+09,2.706e+06,2.045e-14,0.01,2.848e-07,2.371,0,1000.0,50.0,311.0,40.0,84.8,76.4
HF-200147-2,HF,200,147,4.299e+10,6.671e+08,3.114e+06,8.003e-14,0.01,1.248e-06,2.169,0,1000.0,50.0,509.0,40.0,72.9,64.4
HF-200160-2,HF,200,160,4.299e+10,6.671e+08,3.114e+06,8.003e-14,0.01,1.434e-06,2.169,0,1000.0,50.0,509.0,40.0,70.0,61.1
HF-225014-2,HF,225,14,1e+06,1.673e+08,2.088e+06,1.975e-14,0.01,8.988e-08,1.784,0,300.0,100.0,215.0,200.0,89.7,82.7
HF-225026-2,HF,225,26,1e+06,4.409e+08,2.242e+06,1.023e-14,0.01,1.568e-07,1.833,0,300.0,100.0,103.0,200.0,79.4,71.4
HF-225060-2,HF,225,60,1.389e+09,1.17e+09,2.871e+06,9.446e-15,0.01,1.672e-07,2.111,0,1000.0,50.0,300.0,150.0,60.4,48.9
HF-225125-2,HF,225,125,8.064e+09,1.223e+09,2.706e+06,2.045e-14,0.01,2.848e-07,2.371,0,1000.0,50.0,311.0,40.0,84.8,76.4
HF-225147-2,HF,225,147,4.299e+10,6.671e+08,3.114e+06,8.003e-14,0.01,1.248e-06,2.169,0,1000.0,50.0,509.0,40.0,72.9,64.4
HF-225160-2,HF,225,160,4.299e+10,6.671e+08,3.114e+06,8.003e-14,0.01,1.434e-06,2.169,0,1000.0,50.0,509.0,40.0,70.0,61.1
HF-226014-2,HF,226,14,1e+06,1.673e+08,2.088e+06,1.975e-14,0.01,8.988e-08,1.784,0,300.0,100.0,215.0,200.0,89.7,82.7
HF-226026-2,HF,226,26,1e+06,4.409e+08,2.242e+06,1.023e-14,0.01,1.568e-07,1.833,0,300.0,100.0,103.0,200.0,79.4,71.4
HF-226060-2,HF,226,60,1.389e+09,1.17e+09,2.871e+06,9.446e-15,0.01,1.672e-07,2.111,0,1000.0,50.0,300.0,150.0,60.4,48.9
HF-226125-2,HF,226,125,8.064e+09,1.223e+09,2.706e+06,2.045e-14,0.01,2.848e-07,2.371,0,1000.0,50.0,311.0,40.0,84.8,76.4
HF-226147-2,HF,226,147,4.299e+10,6.671e+08,3.114e+06,8.003e-14,0.01,1.248e-06,2.169,0,1000.0,50.0,509.0,40.0,72.9,64.4
HF-226160-2,HF,226,160,4.299e+10,6.671e+08,3.114e+06,8.003e-14,0.01,1.434e-06,2.169,0,1000.0,50.0,509.0,40.0,70.0,61.1
HF-250014-2,HF,250,14,1e+06,1.673e+08,2.088e+06,1.975e-14,0.01,8.988e-08,1.784,0,300.0,100.0,215.0,200.0,89.7,82.7
HF-250026-2,HF,250,26,1e+06,4.409e+08,2.242e+06,1.023e-14,0.01,1.568e-07,1.833,0,300.0,100.0,103.0,200.0,79.4,71.4
HF-250060-2,HF,250,60,1.389e+09,1.17e+09,2.871e+06,9.446e-15,0.01,1.672e-07,2.111,0,1000.0,50.0,300.0,150.0,60.4,48.9
HF-250125-2,HF,250,125,8.064e+09,1.223e+09,2.706e+06,2.045e-14,0.01,2.848e-07,2.371,0,1000.0,50.0,311.0,40.0,84.8,76.4
HF-250147-2,HF,250,147,4.299e+10,6.671e+08,3.114e+06,8.003e-14,0.01,1.248e-06,2.169,0,1000.0,50.0,509.0,40.0,72.9,64.4
HF-292014-2,HF,292,14,1e+06,1.673e+08,2.088e+06,1.975e-14,0.01,8.988e-08,1.784,0,300.0,100.0,215.0,200.0,89.7,82.7
HF-292026-2,HF,292,26,1e+06,4.409e+08,2.242e+06,1.023e-14,0.01,1.568e-07,1.833,0,300.0,100.0,103.0,200.0,79.4,71.4
HF-292060-2,HF,292,60,1.389e+09,1.17e+09,2.871e+06,9.446e-15,0.01,1.672e-07,2.111,0,1000.0,50.0,300.0,150.0,60.4,48.9
HF-292125-2,HF,292,125,8.064e+09,1.223e+09,2.706e+06,2.045e-14,0.01,2.848e-07,2.371,0,1000.0,50.0,311.0,40.0,84.8,74.4
HF-300014-2,HF,300,14,1e+06,1.673e+08,2.088e+06,1.975e-14,0.01,8.988e-08,1.784,0,300.0,100.0,215.0,200.0,89.7,82.7
HF-300026-2,HF,300,26,1e+06,4.409e+08,2.242e+06,1.023e-14,0.01,1.568e-07,1.833,0,300.0,100.0,103.0,200.0,79.4,71.4
HF-300060-2,HF,300,60,1.389e+09,1.17e+09,2.871e+06,9.446e-15,0.01,1.672e-07,2.111,0,1000.0,50.0,300.0,150.0,60.4,48.9
HF-300125-2,HF,300,125,8.064e+09,1.223e+09,2.706e+06,2.045e-14,0.01,2.848e-07,2.371,0,1000.0,50.0,311.0,40.0,84.8,74.4
HF-300147-2,HF,300,147,4.299e+10,6.671e+08,3.114e+06,8.003e-14,0.01,1.248e-06,2.169,0,1000.0,50.0,509.0,40.0,72.9,64.4
HF-301014-2,HF,301,14,1e+06,1.673e+08,2.088e+06,1.975e-14,0.01,8.988e-08,1.784,0,300.0,100.0,215.0,200.0,89.7,82.7
HF-301026-2,HF,301,26,1e+06,4.409e+08,2.242e+06,1.023e-14,0.01,1.568e-07,1.833,0,300.0,100.0,103.0,200.0,79.4,71.4
HF-301060-2,HF,301,60,1.389e+09,1.17e+09,2.871e+06,9.446e-15,0.01,1.672e-07,2.111,0,1000.0,50.0,300.0,150.0,60.4,48.9
HF-301125-2,HF,301,125,8.064e+09,1.223e+09,2.706e+06,2.045e-14,0.01,2.848e-07,2.371,0,1000.0,50.0,311.0,40.0,84.8,74.4
HF-301147-2,HF,301,147,4.299e+10,6.671e+08,3.114e+06,8.003e-14,0.01,1.248e-06,2.169,0,1000.0,50.0,509.0,40.0,72.9,64.4
HF-350014-2,HF,350,14,1e+06,1.673e+08,2.088e+06,1.975e-14,0.01,8.988e-08,1.784,0,300.0,100.0,215.0,200.0,89.7,80.7
HF-350026-2,HF,350,26,1e+06,4.409e+08,2.242e+06,1.023e-14,0.01,1.568e-07,1.833,0,300.0,100.0,103.0,200.0,79.4,71.4
HF-350060-2,HF,350,60,1.389e+09,1.17e+09,2.871e+06,9.446e-15,0.01,1.672e-07,2.111,0,1000.0,50.0,300.0,150.0,60.4,46.9
HF-350125-2,HF,350,125,3.54e+10,6.826e+08,2.688e+06,6.077e-14,0.01,7.955e-07,2.174,0,1000.0,50.0,482.0,40.0,80.5,73.6
HF-350147-2,HF,350,147,4.299e+10,6.671e+08,3.114e+06,8.003e-14,0.01,1.248e-06,2.169,0,1000.0,50.0,509.0,40.0,72.9,64.4
HF-400014-2,HF,400,14,1e+06,1.673e+08,2.088e+06,1.975e-14,0.01,8.988e-08,1.784,0,300.0,100.0,215.0,200.0,89.7,80.7
HF-400026-2,HF,400,26,1e+06,4.409e+08,2.242e+06,1.023e-14,0.01,1.568e-07,1.833,0,300.0,100.0,103.0,200.0,79.4,71.4
HF-400060-2,HF,400,60,1.389e+09,1.17e+09,2.871e+06,9.446e-15,0.01,1.672e-07,2.111,0,1000.0,50.0,300.0,150.0,60.4,46.9
HF-400125-2,HF,400,125,3.54e+10,6.826e+08,2.688e+06,6.077e-14,0.01,7.955e-07,2.174,0,1000.0,50.0,482.0,40.0,80.5,73.6
HF-401014-2,HF,401,14,1e+06,1.673e+08,2.088e+06,1.975e-14,0.01,8.988e-08,1.784,0,300.0,100.0,215.0,200.0,89.7,80.7
HF-401026-2,HF,401,26,1e+06,4.409e+08,2.242e+06,1.023e-14,0.01,1.568e-07,1.833,0,300.0,100.0,103.0,200.0,79.4,71.4
HF-401060-2,HF,401,60,1.389e+09,1.17e+09,2.871e+06,9.446e-15,0.01,1.672e-07,2.111,0,1000.0,50.0,300.0,150.0,60.4,46.9
HF-401125-2,HF,401,125,3.54e+10,6.826e+08,2.688e+06,6.077e-14,0.01,7.955e-07,2.174,0,1000.0,50.0,482.0,40.0,80.5,73.6
HF-520014-2,HF,520,14,1e+06,1.673e+08,2.088e+06,1.975e-14,0.01,8.988e-08,1.784,0,300.0,100.0,215.0,200.0,89.7,80.7
HF-520026-2,HF,520,26,1e+06,4.409e+08,2.242e+06,1.023e-14,0.01,1.568e-07,1.833,0,300.0,100.0,103.0,200.0,79.4,69.4
HF-520060-2,HF,520,60,1.389e+09,1.17e+09,2.871e+06,9.446e-15,0.01,1.672e-07,2.111,0,1000.0,50.0,300.0,150.0,60.4,46.9
HF-520125-2,HF,520,125,3.54e+10,6.826e+08,2.688e+06,6.077e-14,0.01,7.955e-07,2.174,0,1000.0,50.0,482.0,40.0,80.5,73.6
HF-521014-2,HF,521,14,1e+06,1.673e+08,2.088e+06,1.975e-14,0.01,8.988e-08,1.784,0,300.0,100.0,215.0,200.0,89.7,80.7
HF-521026-2,HF,521,26,1e+06,4.409e+08,2.242e+06,1.023e-14,0.01,1.568e-07,1.833,0,300.0,100.0,103.0,200.0,79.4,69.4
HF-521060-2,HF,521,60,1.389e+09,1.17e+09,2.871e+06,9.446e-15,0.01,1.672e-07,2.111,0,1000.0,50.0,300.0,150.0,60.4,46.9
HF-521125-2,HF,521,125,3.54e+10,6.826e+08,2.688e+06,6.077e-14,0.01,7.955e-07,2.174,0,1000.0,50.0,482.0,40.0,80.5,73.6
HF-600014-2,HF,600,14,1e+06,1.673e+08,2.088e+06,1.975e-14,0.01,8.988e-08,1.784,0,300.0,100.0,215.0,200.0,89.7,80.7
HF-600026-2,HF,600,26,1e+06,4.409e+08,2.242e+06,1.023e-14,0.01,1.568e-07,1.833,0,300.0,100.0,103.0,200.0,79.4,69.4
HF-600060-2,HF,600,60,1.389e+09,1.17e+09,2.871e+06,9.446e-15,0.01,1.672e-07,2.111,0,1000.0,50.0,300.0,150.0,60.4,46.9
HF-600125-2,HF,600,125,3.54e+10,6.826e+08,2.688e+06,6.077e-14,0.01,7.955e-07,2.174,0,1000.0,50.0,482.0,40.0,80.5,73.6
HF-601014-2,HF,601,14,1e+06,1.673e+08,2.088e+06,1.975e-14,0.01,8.988e-08,1.784,0,300.0,100.0,215.0,200.0,89.7,80.7
HF-601026-2,HF,601,26,1e+06,4.409e+08,2.242e+06,1.023e-14,0.01,1.568e-07,1.833,0,300.0,100.0,103.0,200.0,79.4,69.4
HF-601060-2,HF,601,60,1.389e+09,1.17e+09,2.871e+06,9.446e-15,0.01,1.672e-07,2.111,0,1000.0,50.0,300.0,150.0,60.4,46.9
HF-601125-2,HF,601,125,3.54e+10,6.826e+08,2.688e+06,6.077e-14,0.01,7.955e-07,2.174,0,1000.0,50.0,482.0,40.0,80.5,73.6
MP-014014-8,MP,014,14,1e+06,1.937e+08,3.425e+06,2.282e-14,0.01,2.147e-08,2.164,0,300.0,100.0,170.0,200.0,83.0,76.0
MP-014026-8,MP,014,26,1e+06,5.388e+08,6.997e+06,1.628e-14,0.01,6.894e-09,2.592,0,500.0,100.0,213.0,200.0,61.2,51.2
MP-014060-8,MP,014,60,4.426e+09,1.249e+09,7.83e+06,1.112e-14,0.01,1.076e-07,2.469,0,1000.0,50.0,228.0,100.0,51.8,40.7
MP-014125-8,MP,014,125,1e+06,2.001e+09,4.002e+06,2.07e-14,0.01,6.96e-07,2.451,0,1000.0,50.0,220.0,40.0,63.0,52.1
MP-014147-8,MP,014,147,1.208e+10,1.566e+09,3.762e+06,2.047e-14,0.01,8.104e-07,2.519,0,1000.0,50.0,250.0,40.0,53.2,41.8
MP-014160-8,MP,014,160,1e+06,2.789e+09,7.968e+06,3.882e-14,0.01,9.351e-07,2.526,0,1000.0,50.0,211.0,40.0,49.0,37.7
MP-014173-8,MP,014,173,3.167e+10,1.206e+09,9.656e+06,5.636e-14,0.01,1.313e-05,1.935,0,1000.0,50.0,312.0,30.0,51.4,42.6
MP-014205-8,MP,014,205,1.143e+10,2.045e+09,1.156e+07,8.981e-14,0.01,3.822e-06,2.349,0,1000.0,50.0,350.0,30.0,47.0,36.6
MP-015125-8,MP,015,125,1e+06,2.001e+09,4.002e+06,2.07e-14,0.01,6.96e-07,2.451,0,1000.0,50.0,220.0,40.0,63.0,52.1
MP-018125-8,MP,018,125,1e+06,2.001e+09,4.002e+06,2.07e-14,0.01,6.96e-07,2.451,0,1000.0,50.0,220.0,40.0,63.0,52.1
MP-025125-8,MP,025,125,1e+06,2.001e+09,4.002e+06,2.07e-14,0.01,6.96e-07,2.451,0,1000.0,50.0,220.0,40.0,63.0,52.1
MP-026125-8,MP,026,125,1e+06,2.001e+09,4.002e+06,2.07e-14,0.01,6.96e-07,2.451,0,1000.0,50.0,220.0,40.0,63.0,52.1
MP-027125-8,MP,027,125,1e+06,2.001e+09,4.002e+06,2.07e-14,0.01,6.96e-07,2.451,0,1000.0,50.0,220.0,40.0,63.0,52.1
MP-028125-8,MP,028,125,1e+06,2.001e+09,4.002e+06,2.07e-14,0.01,6.96e-07,2.451,0,1000.0,50.0,220.0,40.0,63.0,52.1
MP-031125-8,MP,031,125,1e+06,2.001e+09,4.002e+06,2.07e-14,0.01,6.96e-07,2.451,0,1000.0,50.0,220.0,40.0,63.0,52.1
MP-038125-8,MP,038,125,1e+06,2.001e+09,4.002e+06,2.07e-14,0.01,6.96e-07,2.451,0,1000.0,50.0,220.0,40.0,63.0,52.1
MP-039125-8,MP,039,125,1e+06,2.001e+09,4.002e+06,2.07e-14,0.01,6.96e-07,2.451,0,1000.0,50.0,220.0,40.0,63.0,52.1
MP-040125-2,MP,040,125,1e+06,2.001e+09,4.002e+06,2.07e-14,0.01,6.96e-07,2.451,0,1000.0,50.0,220.0,40.0,63.0,52.1
MP-044125-2,MP,044,125,1e+06,2.001e+09,4.002e+06,2.07e-14,0.01,6.96e-07,2.451,0,1000.0,50.0,220.0,40.0,63.0,52.1
MP-050125-2,MP,050,125,1e+06,2.001e+09,4.002e+06,2.07e-14,0.01,6.96e-07,2.451,0,1000.0,50.0,220.0,40.0,63.0,52.1
MP-065125-2,MP,065,125,1e+06,2.001e+09,4.002e+06,2.07e-14,0.01,6.96e-07,2.451,0,1000.0,50.0,220.0,40.0,63.0,52.1
MP-068125-2,MP,068,125,1e+06,2.001e+09,4.002e+06,2.07e-14,0.01,6.96e-07,2.451,0,1000.0,50.0,220.0,40.0,63.0,52.1
MP-080125-2,MP,080,125,1e+06,2.001e+09,4.002e+06,2.07e-14,0.01,6.96e-07,2.451,0,1000.0,50.0,220.0,40.0,63.0,52.1
MP-090125-2,MP,090,125,1e+06,2.001e+09,4.002e+06,2.07e-14,0.01,6.96e-07,2.451,0,1000.0,50.0,220.0,40.0,63.0,52.1
MP-092125-2,MP,092,125,1e+06,2.001e+09,4.002e+06,2.07e-14,0.01,6.96e-07,2.451,0,1000.0,50.0,220.0,40.0,63.0,52.1
MP-106125-2,MP,106,125,1e+06,2.001e+09,4.002e+06,2.07e-14,0.01,6.96e-07,2.451,0,1000.0,50.0,220.0,40.0,63.0,52.1
MP-107125-2,MP,107,125,1e+06,2.001e+09,4.002e+06,2.07e-14,0.01,6.96e-07,2.451,0,1000.0,50.0,220.0,40.0,63.0,52.1
MP-108125-2,MP,108,125,1e+06,2.001e+09,4.002e+06,2.07e-14,0.01,6.96e-07,2.451,0,1000.0,50.0,220.0,40.0,63.0,52.1
MP-109125-2,MP,109,125,1e+06,2.001e+09,4.002e+06,2.07e-14,0.01,6.96e-07,2.451,0,1000.0,50.0,220.0,40.0,63.0,52.1
MP-130125-2,MP,130,125,1e+06,2.001e+09,4.002e+06,2.07e-14,0.01,6.96e-07,2.451,0,1000.0,50.0,220.0,40.0,63.0,52.1
MP-131125-2,MP,131,125,1e+06,2.001e+09,4.002e+06,2.07e-14,0.01,6.96e-07,2.451,0,1000.0,50.0,220.0,40.0,63.0,52.1
MP-132125-2,MP,132,125,1e+06,2.001e+09,4.002e+06,2.07e-14,0.01,6.96e-07,2.451,0,1000.0,50.0,220.0,40.0,63.0,52.1
MP-133125-2,MP,133,125,1e+06,2.001e+09,4.002e+06,2.07e-14,0.01,6.96e-07,2.451,0,1000.0,50.0,220.0,40.0,63.0,52.1
MP-134125-2,MP,134,125,1e+06,2.001e+09,4.002e+06,2.07e-14,0.01,6.96e-07,2.451,0,1000.0,50.0,220.0,40.0,63.0,52.1
MP-135125-2,MP,135,125,1e+06,2.001e+09,4.002e+06,2.07e-14,0.01,6.96e-07,2.451,0,1000.0,50.0,220.0,40.0,63.0,52.1
MP-141125-2,MP,141,125,1e+06,2.001e+09,4.002e+06,2.07e-14,0.01,6.96e-07,2.451,0,1000.0,50.0,220.0,40.0,63.0,52.1
MP-157125-2,MP,157,125,1e+06,2.001e+09,4.002e+06,2.07e-14,0.01,6.96e-07,2.451,0,1000.0,50.0,220.0,40.0,63.0,52.1
MP-184125-2,MP,184,125,1e+06,2.001e+09,4.002e+06,2.07e-14,0.01,6.96e-07,2.451,0,1000.0,50.0,220.0,40.0,63.0,52.1
MP-185125-2,MP,185,125,1e+06,2.001e+09,4.002e+06,2.07e-14,0.01,6.96e-07,2.451,0,1000.0,50.0,220.0,40.0,63.0,52.1
MP-200014-2,MP,200,14,1e+06,1.937e+08,3.425e+06,2.282e-14,0.01,2.147e-08,2.164,0,300.0,100.0,170.0,200.0,83.0,76.0
MP-200026-2,MP,200,26,1e+06,5.388e+08,6.997e+06,1.628e-14,0.01,6.894e-09,2.592,0,500.0,100.0,213.0,200.0,61.2,51.2
MP-200060-2,MP,200,60,4.426e+09,1.249e+09,7.83e+06,1.112e-14,0.01,1.076e-07,2.469,0,1000.0,50.0,228.0,100.0,51.8,40.7
MP-200125-2,MP,200,125,1e+06,2.001e+09,4.002e+06,2.07e-14,0.01,6.96e-07,2.451,0,1000.0,50.0,220.0,40.0,63.0,52.1
MP-200147-2,MP,200,147,1.208e+10,1.566e+09,3.762e+06,2.047e-14,0.01,8.104e-07,2.519,0,1000.0,50.0,250.0,40.0,53.2,41.8
MP-200160-2,MP,200,160,1e+06,2.789e+09,7.968e+06,3.882e-14,0.01,9.351e-07,2.526,0,1000.0,50.0,211.0,40.0,49.0,37.7
MP-200173-2,MP,200,173,3.167e+10,1.206e+09,9.656e+06,5.636e-14,0.01,1.313e-05,1.935,0,1000.0,50.0,312.0,30.0,51.4,42.6
MP-225014-2,MP,225,14,1e+06,1.937e+08,3.425e+06,2.282e-14,0.01,2.147e-08,2.164,0,300.0,100.0,170.0,200.0,83.0,76.0
MP-225026-2,MP,225,26,1e+06,5.388e+08,6.997e+06,1.628e-14,0.01,6.894e-09,2.592,0,500.0,100.0,213.0,200.0,61.2,51.2
MP-225060-2,MP,225,60,4.426e+09,1.249e+09,7.83e+06,1.112e-14,0.01,1.076e-07,2.469,0,1000.0,50.0,228.0,100.0,51.8,40.7
MP-225125-2,MP,225,125,1e+06,2.001e+09,4.002e+06,2.07e-14,0.01,6.96e-07,2.451,0,1000.0,50.0,220.0,40.0,63.0,52.1
MP-225147-2,MP,225,147,1.208e+10,1.566e+09,3.762e+06,2.047e-14,0.01,8.104e-07,2.519,0,1000.0,50.0,250.0,40.0,53.2,41.8
MP-225160-2,MP,225,160,1e+06,2.789e+09,7.968e+06,3.882e-14,0.01,9.351e-07,2.526,0,1000.0,50.0,211.0,40.0,49.0,37.7
MP-225173-2,MP,225,173,3.167e+10,1.206e+09,9.656e+06,5.636e-14,0.01,1.313e-05,1.935,0,1000.0,50.0,312.0,30.0,51.4,42.6
MP-226014-2,MP,226,14,1e+06,1.937e+08,3.425e+06,2.282e-14,0.01,2.147e-08,2.164,0,300.0,100.0,170.0,200.0,83.0,76.0
MP-226026-2,MP,226,26,1e+06,5.388e+08,6.997e+06,1.628e-14,0.01,6.894e-09,2.592,0,500.0,100.0,213.0,200.0,61.2,51.2
MP-226060-2,MP,226,60,4.426e+09,1.249e+09,7.83e+06,1.112e-14,0.01,1.076e-07,2.469,0,1000.0,50.0,228.0,100.0,51.8,40.7
MP-226125-2,MP,226,125,1e+06,2.001e+09,4.002e+06,2.07e-14,0.01,6.96e-07,2.451,0,1000.0,50.0,220.0,40.0,63.0,52.1
MP-226147-2,MP,226,147,1.208e+10,1.566e+09,3.762e+06,2.047e-14,0.01,8.104e-07,2.519,0,1000.0,50.0,250.0,40.0,53.2,41.8
MP-226160-2,MP,226,160,1e+06,2.789e+09,7.968e+06,3.882e-14,0.01,9.351e-07,2.526,0,1000.0,50.0,211.0,40.0,49.0,37.7
MP-226173-2,MP,226,173,3.167e+10,1.206e+09,9.656e+06,5.636e-14,0.01,1.313e-05,1.935,0,1000.0,50.0,312.0,30.0,51.4,42.6
MP-250014-2,MP,250,14,1e+06,1.937e+08,3.425e+06,2.282e-14,0.01,2.147e-08,2.164,0,300.0,100.0,170.0,200.0,83.0,76.0
MP-250026-2,MP,250,26,1e+06,5.388e+08,6.997e+06,1.628e-14,0.01,6.894e-09,2.592,0,500.0,100.0,213.0,200.0,61.2,51.2
MP-250060-2,MP,250,60,4.426e+09,1.249e+09,7.83e+06,1.112e-14,0.01,1.076e-07,2.469,0,1000.0,50.0,228.0,100.0,51.8,40.7
MP-250125-2,MP,250,125,1e+06,2.001e+09,4.002e+06,2.07e-14,0.01,6.96e-07,2.451,0,1000.0,50.0,220.0,40.0,63.0,52.1
MP-250147-2,MP,250,147,1.208e+10,1.566e+09,3.762e+06,2.047e-14,0.01,8.104e-07,2.519,0,1000.0,50.0,250.0,40.0,53.2,41.8
MP-250160-2,MP,250,160,1e+06,2.789e+09,7.968e+06,3.882e-14,0.01,9.351e-07,2.526,0,1000.0,50.0,211.0,40.0,49.0,37.7
MP-250173-2,MP,250,173,3.167e+10,1.206e+09,9.656e+06,5.636e-14,0.01,1.313e-05,1.935,0,1000.0,50.0,312.0,30.0,51.4,42.6
MP-292014-2,MP,292,14,1e+06,1.937e+08,3.425e+06,2.282e-14,0.01,2.147e-08,2.164,0,300.0,100.0,170.0,200.0,83.0,76.0
MP-292026-2,MP,292,26,1e+06,5.388e+08,6.997e+06,1.628e-14,0.01,6.894e-09,2.592,0,500.0,100.0,213.0,200.0,61.2,51.2
MP-292060-2,MP,292,60,4.426e+09,1.249e+09,7.83e+06,1.112e-14,0.01,1.076e-07,2.469,0,1000.0,50.0,228.0,100.0,51.8,40.7
MP-292125-2,MP,292,125,1e+06,2.001e+09,4.002e+06,2.07e-14,0.01,6.96e-07,2.451,0,1000.0,50.0,220.0,40.0,63.0,52.1
MP-300014-2,MP,300,14,1e+06,1.937e+08,3.425e+06,2.282e-14,0.01,2.147e-08,2.164,0,300.0,100.0,170.0,200.0,83.0,76.0
MP-300026-2,MP,300,26,1e+06,5.388e+08,6.997e+06,1.628e-14,0.01,6.894e-09,2.592,0,500.0,100.0,213.0,200.0,61.2,51.2
MP-300060-2,MP,300,60,4.426e+09,1.249e+09,7.83e+06,1.112e-14,0.01,1.076e-07,2.469,0,1000.0,50.0,228.0,100.0,51.8,40.7
MP-300125-2,MP,300,125,1e+06,2.001e+09,4.002e+06,2.07e-14,0.01,6.96e-07,2.451,0,1000.0,50.0,220.0,40.0,63.0,52.1
MP-300147-2,MP,300,147,1.208e+10,1.566e+09,3.762e+06,2.047e-14,0.01,8.104e-07,2.519,0,1000.0,50.0,250.0,40.0,53.2,41.8
MP-300160-2,MP,300,160,1e+06,2.789e+09,7.968e+06,3.882e-14,0.01,9.351e-07,2.526,0,1000.0,50.0,211.0,40.0,49.0,37.7
MP-300173-2,MP,300,173,3.167e+10,1.206e+09,9.656e+06,5.636e-14,0.01,1.313e-05,1.935,0,1000.0,50.0,312.0,30.0,51.4,42.6
MP-301014-2,MP,301,14,1e+06,1.937e+08,3.425e+06,2.282e-14,0.01,2.147e-08,2.164,0,300.0,100.0,170.0,200.0,83.0,76.0
MP-301026-2,MP,301,26,1e+06,5.388e+08,6.997e+06,1.628e-14,0.01,6.894e-09,2.592,0,500.0,100.0,213.0,200.0,61.2,51.2
MP-301060-2,MP,301,60,4.426e+09,1.249e+09,7.83e+06,1.112e-14,0.01,1.076e-07,2.469,0,1000.0,50.0,228.0,100.0,51.8,40.7
MP-301125-2,MP,301,125,1e+06,2.001e+09,4.002e+06,2.07e-14,0.01,6.96e-07,2.451,0,1000.0,50.0,220.0,40.0,63.0,52.1
MP-301147-2,MP,301,147,1.208e+10,1.566e+09,3.762e+06,2.047e-14,0.01,8.104e-07,2.519,0,1000.0,50.0,250.0,40.0,53.2,41.8
MP-301160-2,MP,301,160,1e+06,2.789e+09,7.968e+06,3.882e-14,0.01,9.351e-07,2.526,0,1000.0,50.0,211.0,40.0,49.0,37.7
MP-301173-2,MP,301,173,3.167e+10,1.206e+09,9.656e+06,5.636e-14,0.01,1.313e-05,1.935,0,1000.0,50.0,312.0,30.0,51.4,42.6
MP-350014-2,MP,350,14,1e+06,1.937e+08,3.425e+06,2.282e-14,0.01,2.147e-08,2.164,0,300.0,100.0,170.0,200.0,83.0,74.0
MP-350026-2,MP,350,26,1e+06,5.388e+08,6.997e+06,1.628e-14,0.01,6.894e-09,2.592,0,500.0,100.0,213.0,200.0,61.2,51.2
MP-350060-2,MP,350,60,9.919e+09,9.488e+08,4.486e+06,3.238e-14,0.01,1.212e-06,1.961,0,1000.0,50.0,359.0,100.0,49.6,40.8
MP-350125-2,MP,350,125,2.193e+10,1.308e+09,9.301e+06,3.087e-14,0.01,7.875e-06,1.874,0,1000.0,50.0,249.0,40.0,55.8,47.3
MP-350147-2,MP,350,147,1.208e+10,1.566e+09,3.762e+06,2.047e-14,0.01,8.104e-07,2.519,0,1000.0,50.0,250.0,40.0,53.2,41.8
MP-350160-2,MP,350,160,1e+06,2.789e+09,7.968e+06,3.882e-14,0.01,9.351e-07,2.526,0,1000.0,50.0,211.0,40.0,49.0,37.7
MP-350173-2,MP,350,173,3.167e+10,1.206e+09,9.656e+06,5.636e-14,0.01,1.313e-05,1.935,0,1000.0,50.0,312.0,30.0,51.4,42.6
MP-400014-2,MP,400,14,1e+06,1.937e+08,3.425e+06,2.282e-14,0.01,2.147e-08,2.164,0,300.0,100.0,170.0,200.0,83.0,74.0
MP-400026-2,MP,400,26,1e+06,5.388e+08,6.997e+06,1.628e-14,0.01,6.894e-09,2.592,0,500.0,100.0,213.0,200.0,61.2,51.2
MP-400060-2,MP,400,60,9.919e+09,9.488e+08,4.486e+06,3.238e-14,0.01,1.212e-06,1.961,0,1000.0,50.0,359.0,100.0,49.6,40.8
MP-400125-2,MP,400,125,2.193e+10,1.308e+09,9.301e+06,3.087e-14,0.01,7.875e-06,1.874,0,1000.0,50.0,249.0,40.0,55.8,47.3
MP-400147-2,MP,400,147,1.208e+10,1.566e+09,3.762e+06,2.047e-14,0.01,8.104e-07,2.519,0,1000.0,50.0,250.0,40.0,53.2,41.8
MP-400160-2,MP,400,160,1e+06,2.789e+09,7.968e+06,3.882e-14,0.01,9.351e-07,2.526,0,1000.0,50.0,211.0,40.0,49.0,37.7
MP-400173-2,MP,400,173,3.167e+10,1.206e+09,9.656e+06,5.636e-14,0.01,1.313e-05,1.935,0,1000.0,50.0,312.0,30.0,51.4,42.6
MP-401014-2,MP,401,14,1e+06,1.937e+08,3.425e+06,2.282e-14,0.01,2.147e-08,2.164,0,300.0,100.0,170.0,200.0,83.0,74.0
MP-401026-2,MP,401,26,1e+06,5.388e+08,6.997e+06,1.628e-14,0.01,6.894e-09,2.592,0,500.0,100.0,213.0,200.0,61.2,51.2
MP-401060-2,MP,401,60,9.919e+09,9.488e+08,4.486e+06,3.238e-14,0.01,1.212e-06,1.961,0,1000.0,50.0,359.0,100.0,49.6,40.8
MP-401125-2,MP,401,125,2.193e+10,1.308e+09,9.301e+06,3.087e-14,0.01,7.875e-06,1.874,0,1000.0,50.0,249.0,40.0,55.8,47.3
MP-401147-2,MP,401,147,1.208e+10,1.566e+09,3.762e+06,2.047e-14,0.01,8.104e-07,2.519,0,1000.0,50.0,250.0,40.0,53.2,41.8
MP-401160-2,MP,401,160,1e+06,2.789e+09,7.968e+06,3.882e-14,0.01,9.351e-07,2.526,0,1000.0,50.0,211.0,40.0,49.0,37.7
MP-401173-2,MP,401,173,3.167e+10,1.206e+09,9.656e+06,5.636e-14,0.01,1.313e-05,1.935,0,1000.0,50.0,312.0,30.0,51.4,42.6
MP-520014-2,MP,520,14,1e+06,1.937e+08,3.425e+06,2.282e-14,0.01,2.147e-08,2.164,0,300.0,100.0,170.0,200.0,83.0,72.0
MP-520026-2,MP,520,26,1e+06,5.388e+08,6.997e+06,1.628e-14,0.01,6.894e-09,2.592,0,500.0,100.0,213.0,200.0,61.2,51.2
MP-520060-2,MP,520,60,9.919e+09,9.488e+08,4.486e+06,3.238e-14,0.01,1.212e-06,1.961,0,1000.0,50.0,359.0,100.0,49.6,40.8
MP-520125-2,MP,520,125,2.193e+10,1.308e+09,9.301e+06,3.087e-14,0.01,7.875e-06,1.874,0,1000.0,50.0,249.0,40.0,55.8,47.3
MP-520147-2,MP,520,147,1.208e+10,1.566e+09,3.762e+06,2.047e-14,0.01,8.104e-07,2.519,0,1000.0,50.0,250.0,40.0,53.2,41.8
MP-520160-2,MP,520,160,1e+06,2.789e+09,7.968e+06,3.882e-14,0.01,9.351e-07,2.526,0,1000.0,50.0,211.0,40.0,49.0,37.7
MP-521014-2,MP,521,14,1e+06,1.937e+08,3.425e+06,2.282e-14,0.01,2.147e-08,2.164,0,300.0,100.0,170.0,200.0,83.0,72.0
MP-521026-2,MP,521,26,1e+06,5.388e+08,6.997e+06,1.628e-14,0.01,6.894e-09,2.592,0,500.0,100.0,213.0,200.0,61.2,51.2
MP-521060-2,MP,521,60,9.919e+09,9.488e+08,4.486e+06,3.238e-14,0.01,1.212e-06,1.961,0,1000.0,50.0,359.0,100.0,49.6,40.8
MP-521125-2,MP,521,125,2.193e+10,1.308e+09,9.301e+06,3.087e-14,0.01,7.875e-06,1.874,0,1000.0,50.0,249.0,40.0,55.8,47.3
MP-521147-2,MP,521,147,1.208e+10,1.566e+09,3.762e+06,2.047e-14,0.01,8.104e-07,2.519,0,1000.0,50.0,250.0,40.0,53.2,41.8
MP-521160-2,MP,521,160,1e+06,2.789e+09,7.968e+06,3.882e-14,0.01,9.351e-07,2.526,0,1000.0,50.0,211.0,40.0,49.0,37.7
MP-600014-2,MP,600,14,1e+06,1.937e+08,3.425e+06,2.282e-14,0.01,2.147e-08,2.164,0,300.0,100.0,170.0,200.0,83.0,72.0
MP-600026-2,MP,600,26,1e+06,5.388e+08,6.997e+06,1.628e-14,0.01,6.894e-09,2.592,0,500.0,100.0,213.0,200.0,61.2,51.2
MP-600060-2,MP,600,60,9.919e+09,9.488e+08,4.486e+06,3.238e-14,0.01,1.212e-06,1.961,0,1000.0,50.0,359.0,100.0,49.6,40.8
MP-600125-2,MP,600,125,2.193e+10,1.308e+09,9.301e+06,3.087e-14,0.01,7.875e-06,1.874,0,1000.0,50.0,249.0,40.0,55.8,47.3
MP-600147-2,MP,600,147,1.208e+10,1.566e+09,3.762e+06,2.047e-14,0.01,8.104e-07,2.519,0,1000.0,50.0,250.0,40.0,53.2,41.8
MP-600160-2,MP,600,160,1e+06,2.789e+09,7.968e+06,3.882e-14,0.01,9.351e-07,2.526,0,1000.0,50.0,211.0,40.0,49.0,37.7
MP-601014-2,MP,601,14,1e+06,1.937e+08,3.425e+06,2.282e-14,0.01,2.147e-08,2.164,0,300.0,100.0,170.0,200.0,83.0,72.0
MP-601026-2,MP,601,26,1e+06,5.388e+08,6.997e+06,1.628e-14,0.01,6.894e-09,2.592,0,500.0,100.0,213.0,200.0,61.2,51.2
MP-601060-2,MP,601,60,9.919e+09,9.488e+08,4.486e+06,3.238e-14,0.01,1.212e-06,1.961,0,1000.0,50.0,359.0,100.0,49.6,40.8
MP-601125-2,MP,601,125,2.193e+10,1.308e+09,9.301e+06,3.087e-14,0.01,7.875e-06,1.874,0,1000.0,50.0,249.0,40.0,55.8,47.3
MP-601147-2,MP,601,147,1.208e+10,1.566e+09,3.762e+06,2.047e-14,0.01,8.104e-07,2.519,0,1000.0,50.0,250.0,40.0,53.2,41.8
MP-601160-2,MP,601,160,1e+06,2.789e+09,7.968e+06,3.882e-14,0.01,9.351e-07,2.526,0,1000.0,50.0,211.0,40.0,49.0,37.7
MS-014014-8,MS,014,14,1e+06,1.814e+08,3.377e+06,2.628e-14,0.01,9.443e-07,1.533,0,300.0,100.0,180.0,200.0,75.9,70.4
MS-014026-8,MS,014,26,1e+06,4.969e+08,3.993e+06,2.867e-14,0.01,2.061e-07,1.995,0,500.0,100.0,295.0,200.0,55.4,46.3
MS-014040-8,MS,014,40,1e+06,6.961e+08,5.397e+06,4.127e-14,0.01,2.655e-06,1.703,0,1000.0,50.0,441.0,100.0,59.6,52.0
MS-014060-8,MS,014,60,7.89e+09,7.111e+08,8.98e+06,2.846e-14,0.01,2.151e-06,1.841,0,1000.0,50.0,323.0,100.0,49.2,40.9
MS-014075-8,MS,014,75,7.89e+09,7.111e+08,8.98e+06,2.846e-14,0.01,3.414e-06,1.841,0,1000.0,50.0,323.0,80.0,47.9,39.6
MS-014090-8,MS,014,90,7.89e+09,7.111e+08,8.98e+06,2.846e-14,0.01,3.994e-06,1.883,0,1000.0,50.0,323.0,50.0,61.3,52.9
MS-014125-8,MS,014,125,1.394e+10,1.034e+09,1.244e+07,4.007e-14,0.01,7.884e-06,1.883,0,1000.0,50.0,276.0,40.0,55.0,46.4
MS-014147-8,MS,014,147,1.394e+10,1.034e+09,1.244e+07,4.007e-14,0.01,4.732e-05,1.539,0,1000.0,50.0,276.0,40.0,42.0,35.3
MS-014160-8,MS,014,160,1.394e+10,1.034e+09,1.244e+07,4.007e-14,0.01,4.439e-05,1.627,0,1000.0,50.0,276.0,40.0,35.8,29.3
MS-015060-8,MS,015,60,7.89e+09,7.111e+08,8.98e+06,2.846e-14,0.01,2.151e-06,1.841,0,1000.0,50.0,323.0,100.0,49.2,40.9
MS-015125-8,MS,015,125,1.394e+10,1.034e+09,1.244e+07,4.007e-14,0.01,7.884e-06,1.883,0,1000.0,50.0,276.0,40.0,55.0,46.4
MS-018060-8,MS,018,60,7.89e+09,7.111e+08,8.98e+06,2.846e-14,0.01,2.151e-06,1.841,0,1000.0,50.0,323.0,100.0,49.2,40.9
MS-018125-8,MS,018,125,1.394e+10,1.034e+09,1.244e+07,4.007e-14,0.01,7.884e-06,1.883,0,1000.0,50.0,276.0,40.0,55.0,46.4
MS-025060-8,MS,025,60,7.89e+09,7.111e+08,8.98e+06,2.846e-14,0.01,2.151e-06,1.841,0,1000.0,50.0,323.0,100.0,49.2,40.9
MS-025125-8,MS,025,125,1.394e+10,1.034e+09,1.244e+07,4.007e-14,0.01,7.884e-06,1.883,0,1000.0,50.0,276.0,40.0,55.0,46.4
MS-026060-8,MS,026,60,7.89e+09,7.111e+08,8.98e+06,2.846e-14,0.01,2.151e-06,1.841,0,1000.0,50.0,323.0,100.0,49.2,40.9
MS-026125-8,MS,026,125,1.394e+10,1.034e+09,1.244e+07,4.007e-14,0.01,7.884e-06,1.883,0,1000.0,50.0,276.0,40.0,55.0,46.4
MS-027060-8,MS,027,60,7.89e+09,7.111e+08,8.98e+06,2.846e-14,0.01,2.151e-06,1.841,0,1000.0,50.0,323.0,100.0,49.2,40.9
MS-027125-8,MS,027,125,1.394e+10,1.034e+09,1.244e+07,4.007e-14,0.01,7.884e-06,1.883,0,1000.0,50.0,276.0,40.0,55.0,46.4
MS-028060-8,MS,028,60,7.89e+09,7.111e+08,8.98e+06,2.846e-14,0.01,2.151e-06,1.841,0,1000.0,50.0,323.0,100.0,49.2,40.9
MS-028125-8,MS,028,125,1.394e+10,1.034e+09,1.244e+07,4.007e-14,0.01,7.884e-06,1.883,0,1000.0,50.0,276.0,40.0,55.0,46.4
MS-031060-8,MS,031,60,7.89e+09,7.111e+08,8.98e+06,2.846e-14,0.01,2.151e-06,1.841,0,1000.0,50.0,323.0,100.0,49.2,40.9
MS-031125-8,MS,031,125,1.394e+10,1.034e+09,1.244e+07,4.007e-14,0.01,7.884e-06,1.883,0,1000.0,50.0,276.0,40.0,55.0,46.4
MS-038060-8,MS,038,60,7.89e+09,7.111e+08,8.98e+06,2.846e-14,0.01,2.151e-06,1.841,0,1000.0,50.0,323.0,100.0,49.2,40.9
MS-038125-8,MS,038,125,1.394e+10,1.034e+09,1.244e+07,4.007e-14,0.01,7.884e-06,1.883,0,1000.0,50.0,276.0,40.0,55.0,46.4
MS-039060-8,MS,039,60,7.89e+09,7.111e+08,8.98e+06,2.846e-14,0.01,2.151e-06,1.841,0,1000.0,50.0,323.0,100.0,49.2,40.9
MS-039125-8,MS,039,125,1.394e+10,1.034e+09,1.244e+07,4.007e-14,0.01,7.884e-06,1.883,0,1000.0,50.0,276.0,40.0,55.0,46.4
MS-040060-2,MS,040,60,7.89e+09,7.111e+08,8.98e+06,2.846e-14,0.01,2.151e-06,1.841,0,1000.0,50.0,323.0,100.0,49.2,40.9
MS-040125-2,MS,040,125,1.394e+10,1.034e+09,1.244e+07,4.007e-14,0.01,7.884e-06,1.883,0,1000.0,50.0,276.0,40.0,55.0,42.0
MS-044060-2,MS,044,60,7.89e+09,7.111e+08,8.98e+06,2.846e-14,0.01,2.151e-06,1.841,0,1000.0,50.0,323.0,100.0,49.2,40.9
MS-044125-2,MS,044,125,1.394e+10,1.034e+09,1.244e+07,4.007e-14,0.01,7.884e-06,1.883,0,1000.0,50.0,276.0,40.0,55.0,46.4
MS-050060-2,MS,050,60,7.89e+09,7.111e+08,8.98e+06,2.846e-14,0.01,2.151e-06,1.841,0,1000.0,50.0,323.0,100.0,49.2,40.9
MS-050125-2,MS,050,125,1.394e+10,1.034e+09,1.244e+07,4.007e-14,0.01,7.884e-06,1.883,0,1000.0,50.0,276.0,40.0,55.0,46.4
MS-065060-2,MS,065,60,7.89e+09,7.111e+08,8.98e+06,2.846e-14,0.01,2.151e-06,1.841,0,1000.0,50.0,323.0,100.0,49.2,40.9
MS-065125-2,MS,065,125,1.394e+10,1.034e+09,1.244e+07,4.007e-14,0.01,7.884e-06,1.883,0,1000.0,50.0,276.0,40.0,55.0,46.4
MS-068060-2,MS,068,60,7.89e+09,7.111e+08,8.98e+06,2.846e-14,0.01,2.151e-06,1.841,0,1000.0,50.0,323.0,100.0,49.2,40.9
MS-068125-2,MS,068,125,1.394e+10,1.034e+09,1.244e+07,4.007e-14,0.01,7.884e-06,1.883,0,1000.0,50.0,276.0,40.0,55.0,46.4
MS-080060-2,MS,080,60,7.89e+09,7.111e+08,8.98e+06,2.846e-14,0.01,2.151e-06,1.841,0,1000.0,50.0,323.0,100.0,49.2,40.9
MS-080125-2,MS,080,125,1.394e+10,1.034e+09,1.244e+07,4.007e-14,0.01,7.884e-06,1.883,0,1000.0,50.0,276.0,40.0,55.0,46.4
MS-090060-2,MS,090,60,7.89e+09,7.111e+08,8.98e+06,2.846e-14,0.01,2.151e-06,1.841,0,1000.0,50.0,323.0,100.0,49.2,40.9
MS-090125-2,MS,090,125,1.394e+10,1.034e+09,1.244e+07,4.007e-14,0.01,7.884e-06,1.883,0,1000.0,50.0,276.0,40.0,55.0,46.4
MS-092060-2,MS,092,60,7.89e+09,7.111e+08,8.98e+06,2.846e-14,0.01,2.151e-06,1.841,0,1000.0,50.0,323.0,100.0,49.2,40.9
MS-092125-2,MS,092,125,1.394e+10,1.034e+09,1.244e+07,4.007e-14,0.01,7.884e-06,1.883,0,1000.0,50.0,276.0,40.0,55.0,46.4
MS-106060-2,MS,106,60,7.89e+09,7.111e+08,8.98e+06,2.846e-14,0.01,2.151e-06,1.841,0,1000.0,50.0,323.0,100.0,49.2,40.9
MS-106125-2,MS,106,125,1.394e+10,1.034e+09,1.244e+07,4.007e-14,0.01,7.884e-06,1.883,0,1000.0,50.0,276.0,40.0,55.0,46.4
MS-107060-2,MS,107,60,7.89e+09,7.111e+08,8.98e+06,2.846e-14,0.01,2.151e-06,1.841,0,1000.0,50.0,323.0,100.0,49.2,40.9
MS-107125-2,MS,107,125,1.394e+10,1.034e+09,1.244e+07,4.007e-14,0.01,7.884e-06,1.883,0,1000.0,50.0,276.0,40.0,55.0,46.4
MS-108060-2,MS,108,60,7.89e+09,7.111e+08,8.98e+06,2.846e-14,0.01,2.151e-06,1.841,0,1000.0,50.0,323.0,100.0,49.2,40.9
MS-108125-2,MS,108,125,1.394e+10,1.034e+09,1.244e+07,4.007e-14,0.01,7.884e-06,1.883,0,1000.0,50.0,276.0,40.0,55.0,46.4
MS-109060-2,MS,109,60,7.89e+09,7.111e+08,8.98e+06,2.846e-14,0.01,2.151e-06,1.841,0,1000.0,50.0,323.0,100.0,49.2,40.9
MS-109125-2,MS,109,125,1.394e+10,1.034e+09,1.244e+07,4.007e-14,0.01,7.884e-06,1.883,0,1000.0,50.0,276.0,40.0,55.0,46.4
MS-130060-2,MS,130,60,7.89e+09,7.111e+08,8.98e+06,2.846e-14,0.01,2.151e-06,1.841,0,1000.0,50.0,323.0,100.0,49.2,40.9
MS-130125-2,MS,130,125,1.394e+10,1.034e+09,1.244e+07,4.007e-14,0.01,7.884e-06,1.883,0,1000.0,50.0,276.0,40.0,55.0,46.4
MS-131060-2,MS,131,60,7.89e+09,7.111e+08,8.98e+06,2.846e-14,0.01,2.151e-06,1.841,0,1000.0,50.0,323.0,100.0,49.2,40.9
MS-131125-2,MS,131,125,1.394e+10,1.034e+09,1.244e+07,4.007e-14,0.01,7.884e-06,1.883,0,1000.0,50.0,276.0,40.0,55.0,46.4
MS-132060-2,MS,132,60,7.89e+09,7.111e+08,8.98e+06,2.846e-14,0.01,2.151e-06,1.841,0,1000.0,50.0,323.0,100.0,49.2,40.9
MS-132125-2,MS,132,125,1.394e+10,1.034e+09,1.244e+07,4.007e-14,0.01,7.884e-06,1.883,0,1000.0,50.0,276.0,40.0,55.0,46.4
MS-133060-2,MS,133,60,7.89e+09,7.111e+08,8.98e+06,2.846e-14,0.01,2.151e-06,1.841,0,1000.0,50.0,323.0,100.0,49.2,40.9
MS-133125-2,MS,133,125,1.394e+10,1.034e+09,1.244e+07,4.007e-14,0.01,7.884e-06,1.883,0,1000.0,50.0,276.0,40.0,55.0,46.4
MS-134060-2,MS,134,60,7.89e+09,7.111e+08,8.98e+06,2.846e-14,0.01,2.151e-06,1.841,0,1000.0,50.0,323.0,100.0,49.2,40.9
MS-134125-2,MS,134,125,1.394e+10,1.034e+09,1.244e+07,4.007e-14,0.01,7.884e-06,1.883,0,1000.0,50.0,276.0,40.0,55.0,46.4
MS-135060-2,MS,135,60,7.89e+09,7.111e+08,8.98e+06,2.846e-14,0.01,2.151e-06,1.841,0,1000.0,50.0,323.0,100.0,49.2,40.9
MS-135125-2,MS,135,125,1.394e+10,1.034e+09,1.244e+07,4.007e-14,0.01,7.884e-06,1.883,0,1000.0,50.0,276.0,40.0,55.0,46.4
MS-141060-2,MS,141,60,7.89e+09,7.111e+08,8.98e+06,2.846e-14,0.01,2.151e-06,1.841,0,1000.0,50.0,323.0,100.0,49.2,40.9
MS-141125-2,MS,141,125,1.394e+10,1.034e+09,1.244e+07,4.007e-14,0.01,7.884e-06,1.883,0,1000.0,50.0,276.0,40.0,55.0,46.4
MS-157060-2,MS,157,60,7.89e+09,7.111e+08,8.98e+06,2.846e-14,0.01,2.151e-06,1.841,0,1000.0,50.0,323.0,100.0,49.2,40.9
MS-157125-2,MS,157,125,1.394e+10,1.034e+09,1.244e+07,4.007e-14,0.01,7.884e-06,1.883,0,1000.0,50.0,276.0,40.0,55.0,46.4
MS-184060-2,MS,184,60,7.89e+09,7.111e+08,8.98e+06,2.846e-14,0.01,2.151e-06,1.841,0,1000.0,50.0,323.0,100.0,49.2,40.9
MS-184125-2,MS,184,125,1.394e+10,1.034e+09,1.244e+07,4.007e-14,0.01,7.884e-06,1.883,0,1000.0,50.0,276.0,40.0,55.0,46.4
MS-185060-2,MS,185,60,7.89e+09,7.111e+08,8.98e+06,2.846e-14,0.01,2.151e-06,1.841,0,1000.0,50.0,323.0,100.0,49.2,40.9
MS-185125-2,MS,185,125,1.394e+10,1.034e+09,1.244e+07,4.007e-14,0.01,7.884e-06,1.883,0,1000.0,50.0,276.0,40.0,55.0,46.4
MS-200014-2,MS,200,14,1e+06,1.814e+08,3.377e+06,2.628e-14,0.01,9.443e-07,1.533,0,300.0,100.0,180.0,200.0,75.9,70.4
MS-200026-2,MS,200,26,1e+06,4.969e+08,3.993e+06,2.867e-14,0.01,2.061e-07,1.995,0,500.0,100.0,295.0,200.0,55.4,46.3
MS-200040-2,MS,200,40,1e+06,6.961e+08,5.397e+06,4.127e-14,0.01,2.655e-06,1.703,0,1000.0,50.0,441.0,100.0,59.6,52.0
MS-200060-2,MS,200,60,7.89e+09,7.111e+08,8.98e+06,2.846e-14,0.01,2.151e-06,1.841,0,1000.0,50.0,323.0,100.0,49.2,40.9
MS-200075-2,MS,200,75,7.89e+09,7.111e+08,8.98e+06,2.846e-14,0.01,3.414e-06,1.841,0,1000.0,50.0,323.0,80.0,47.9,39.6
MS-200090-2,MS,200,90,7.89e+09,7.111e+08,8.98e+06,2.846e-14,0.01,3.994e-06,1.883,0,1000.0,50.0,323.0,50.0,61.3,52.9
MS-200125-2,MS,200,125,1.394e+10,1.034e+09,1.244e+07,4.007e-14,0.01,7.884e-06,1.883,0,1000.0,50.0,276.0,40.0,55.0,46.4
MS-200147-2,MS,200,147,1.394e+10,1.034e+09,1.244e+07,4.007e-14,0.01,4.732e-05,1.539,0,1000.0,50.0,276.0,40.0,42.0,35.3
MS-200160-2,MS,200,160,1.394e+10,1.034e+09,1.244e+07,4.007e-14,0.01,4.439e-05,1.627,0,1000.0,50.0,276.0,40.0,35.8,29.3
MS-225014-2,MS,225,14,1e+06,1.814e+08,3.377e+06,2.628e-14,0.01,9.443e-07,1.533,0,300.0,100.0,180.0,200.0,75.9,70.4
MS-225026-2,MS,225,26,1e+06,4.969e+08,3.993e+06,2.867e-14,0.01,2.061e-07,1.995,0,500.0,100.0,295.0,200.0,55.4,46.3
MS-225040-2,MS,225,40,1e+06,6.961e+08,5.397e+06,4.127e-14,0.01,2.655e-06,1.703,0,1000.0,50.0,441.0,100.0,59.6,52.0
MS-225060-2,MS,225,60,7.89e+09,7.111e+08,8.98e+06,2.846e-14,0.01,2.151e-06,1.841,0,1000.0,50.0,323.0,100.0,49.2,40.9
MS-225075-2,MS,225,75,7.89e+09,7.111e+08,8.98e+06,2.846e-14,0.01,3.414e-06,1.841,0,1000.0,50.0,323.0,80.0,47.9,39.6
MS-225090-2,MS,225,90,7.89e+09,7.111e+08,8.98e+06,2.846e-14,0.01,3.994e-06,1.883,0,1000.0,50.0,323.0,50.0,61.3,52.9
MS-225125-2,MS,225,125,1.394e+10,1.034e+09,1.244e+07,4.007e-14,0.01,7.884e-06,1.883,0,1000.0,50.0,276.0,40.0,55.0,46.4
MS-225147-2,MS,225,147,1.394e+10,1.034e+09,1.244e+07,4.007e-14,0.01,4.732e-05,1.539,0,1000.0,50.0,276.0,40.0,42.0,35.3
MS-225160-2,MS,225,160,1.394e+10,1.034e+09,1.244e+07,4.007e-14,0.01,4.439e-05,1.627,0,1000.0,50.0,276.0,40.0,35.8,29.3
MS-226014-2,MS,226,14,1e+06,1.814e+08,3.377e+06,2.628e-14,0.01,9.443e-07,1.533,0,300.0,100.0,180.0,200.0,75.9,70.4
MS-226026-2,MS,226,26,1e+06,4.969e+08,3.993e+06,2.867e-14,0.01,2.061e-07,1.995,0,500.0,100.0,295.0,200.0,55.4,46.3
MS-226040-2,MS,226,40,1e+06,6.961e+08,5.397e+06,4.127e-14,0.01,2.655e-06,1.703,0,1000.0,50.0,441.0,100.0,59.6,52.0
MS-226060-2,MS,226,60,7.89e+09,7.111e+08,8.98e+06,2.846e-14,0.01,2.151e-06,1.841,0,1000.0,50.0,323.0,100.0,49.2,40.9
MS-226075-2,MS,226,75,7.89e+09,7.111e+08,8.98e+06,2.846e-14,0.01,3.414e-06,1.841,0,1000.0,50.0,323.0,80.0,47.9,39.6
MS-226090-2,MS,226,90,7.89e+09,7.111e+08,8.98e+06,2.846e-14,0.01,3.994e-06,1.883,0,1000.0,50.0,323.0,50.0,61.3,52.9
MS-226125-2,MS,226,125,1.394e+10,1.034e+09,1.244e+07,4.007e-14,0.01,7.884e-06,1.883,0,1000.0,50.0,276.0,40.0,55.0,46.4
MS-226147-2,MS,226,147,1.394e+10,1.034e+09,1.244e+07,4.007e-14,0.01,4.732e-05,1.539,0,1000.0,50.0,276.0,40.0,42.0,35.3
MS-226160-2,MS,226,160,1.394e+10,1.034e+09,1.244e+07,4.007e-14,0.01,4.439e-05,1.627,0,1000.0,50.0,276.0,40.0,35.8,29.3
MS-250014-2,MS,250,14,1e+06,1.814e+08,3.377e+06,2.628e-14,0.01,9.443e-07,1.533,0,300.0,100.0,180.0,200.0,75.9,70.4
MS-250026-2,MS,250,26,1e+06,4.969e+08,3.993e+06,2.867e-14,0.01,2.061e-07,1.995,0,500.0,100.0,295.0,200.0,55.4,46.3
MS-250040-2,MS,250,40,1e+06,6.961e+08,5.397e+06,4.127e-14,0.01,2.655e-06,1.703,0,1000.0,50.0,441.0,100.0,59.6,52.0
MS-250060-2,MS,250,60,7.89e+09,7.111e+08,8.98e+06,2.846e-14,0.01,2.151e-06,1.841,0,1000.0,50.0,323.0,100.0,49.2,40.9
MS-250075-2,MS,250,75,7.89e+09,7.111e+08,8.98e+06,2.846e-14,0.01,3.414e-06,1.841,0,1000.0,50.0,323.0,80.0,47.9,39.6
MS-250090-2,MS,250,90,7.89e+09,7.111e+08,8.98e+06,2.846e-14,0.01,3.994e-06,1.883,0,1000.0,50.0,323.0,50.0,61.3,52.9
MS-250125-2,MS,250,125,1.394e+10,1.034e+09,1.244e+07,4.007e-14,0.01,7.884e-06,1.883,0,1000.0,50.0,276.0,40.0,55.0,46.4
MS-250147-2,MS,250,147,1.394e+10,1.034e+09,1.244e+07,4.007e-14,0.01,4.732e-05,1.539,0,1000.0,50.0,276.0,40.0,42.0,35.3
MS-292014-2,MS,292,14,1e+06,1.814e+08,3.377e+06,2.628e-14,0.01,9.443e-07,1.533,0,300.0,100.0,180.0,200.0,75.9,70.4
MS-292026-2,MS,292,26,1e+06,4.969e+08,3.993e+06,2.867e-14,0.01,2.061e-07,1.995,0,500.0,100.0,295.0,200.0,55.4,46.3
MS-292040-2,MS,292,40,1e+06,6.961e+08,5.397e+06,4.127e-14,0.01,2.655e-06,1.703,0,1000.0,50.0,441.0,100.0,59.6,52.0
MS-292060-2,MS,292,60,7.89e+09,7.111e+08,8.98e+06,2.846e-14,0.01,2.151e-06,1.841,0,1000.0,50.0,323.0,100.0,49.2,40.9
MS-292075-2,MS,292,75,7.89e+09,7.111e+08,8.98e+06,2.846e-14,0.01,3.414e-06,1.841,0,1000.0,50.0,323.0,80.0,47.9,39.6
MS-292090-2,MS,292,90,7.89e+09,7.111e+08,8.98e+06,2.846e-14,0.01,3.994e-06,1.883,0,1000.0,50.0,323.0,50.0,61.3,52.9
MS-292125-2,MS,292,125,1.394e+10,1.034e+09,1.244e+07,4.007e-14,0.01,7.884e-06,1.883,0,1000.0,50.0,276.0,40.0,55.0,46.4
MS-292147-2,MS,292,147,1.394e+10,1.034e+09,1.244e+07,4.007e-14,0.01,4.732e-05,1.539,0,1000.0,50.0,276.0,40.0,42.0,35.3
MS-300014-2,MS,300,14,1e+06,1.814e+08,3.377e+06,2.628e-14,0.01,9.443e-07,1.533,0,300.0,100.0,180.0,200.0,75.9,70.4
MS-300026-2,MS,300,26,1e+06,4.969e+08,3.993e+06,2.867e-14,0.01,2.061e-07,1.995,0,500.0,100.0,295.0,200.0,55.4,46.3
MS-300040-2,MS,300,40,1e+06,6.961e+08,5.397e+06,4.127e-14,0.01,2.655e-06,1.703,0,1000.0,50.0,441.0,100.0,59.6,52.0
MS-300060-2,MS,300,60,7.89e+09,7.111e+08,8.98e+06,2.846e-14,0.01,2.151e-06,1.841,0,1000.0,50.0,323.0,100.0,49.2,40.9
MS-300075-2,MS,300,75,7.89e+09,7.111e+08,8.98e+06,2.846e-14,0.01,3.414e-06,1.841,0,1000.0,50.0,323.0,80.0,47.9,39.6
MS-300090-2,MS,300,90,7.89e+09,7.111e+08,8.98e+06,2.846e-14,0.01,3.994e-06,1.883,0,1000.0,50.0,323.0,50.0,61.3,52.9
MS-300125-2,MS,300,125,1.394e+10,1.034e+09,1.244e+07,4.007e-14,0.01,7.884e-06,1.883,0,1000.0,50.0,276.0,40.0,55.0,46.4
MS-300147-2,MS,300,147,1.394e+10,1.034e+09,1.244e+07,4.007e-14,0.01,4.732e-05,1.539,0,1000.0,50.0,276.0,40.0,42.0,35.3
MS-301014-2,MS,301,14,1e+06,1.814e+08,3.377e+06,2.628e-14,0.01,9.443e-07,1.533,0,300.0,100.0,180.0,200.0,75.9,70.4
MS-301026-2,MS,301,26,1e+06,4.969e+08,3.993e+06,2.867e-14,0.01,2.061e-07,1.995,0,500.0,100.0,295.0,200.0,55.4,46.3
MS-301040-2,MS,301,40,1e+06,6.961e+08,5.397e+06,4.127e-14,0.01,2.655e-06,1.703,0,1000.0,50.0,441.0,100.0,59.6,52.0
MS-301060-2,MS,301,60,7.89e+09,7.111e+08,8.98e+06,2.846e-14,0.01,2.151e-06,1.841,0,1000.0,50.0,323.0,100.0,49.2,40.9
MS-301075-2,MS,301,75,7.89e+09,7.111e+08,8.98e+06,2.846e-14,0.01,3.414e-06,1.841,0,1000.0,50.0,323.0,80.0,47.9,39.6
MS-301090-2,MS,301,90,7.89e+09,7.111e+08,8.98e+06,2.846e-14,0.01,3.994e-06,1.883,0,1000.0,50.0,323.0,50.0,61.3,52.9
MS-301125-2,MS,301,125,1.394e+10,1.034e+09,1.244e+07,4.007e-14,0.01,7.884e-06,1.883,0,1000.0,50.0,276.0,40.0,55.0,46.4
MS-301147-2,MS,301,147,1.394e+10,1.034e+09,1.244e+07,4.007e-14,0.01,4.732e-05,1.539,0,1000.0,50.0,276.0,40.0,42.0,35.3
MS-350014-2,MS,350,14,1e+06,1.814e+08,3.377e+06,2.628e-14,0.01,9.443e-07,1.533,0,300.0,100.0,180.0,200.0,75.9,70.4
MS-350026-2,MS,350,26,1e+06,4.969e+08,3.993e+06,2.867e-14,0.01,2.061e-07,1.995,0,500.0,100.0,295.0,200.0,55.4,46.3
MS-350040-2,MS,350,40,1e+06,6.961e+08,5.397e+06,4.127e-14,0.01,2.655e-06,1.703,0,1000.0,50.0,441.0,100.0,59.6,52.0
MS-350060-2,MS,350,60,7.89e+09,7.111e+08,8.98e+06,2.846e-14,0.01,2.151e-06,1.841,0,1000.0,50.0,323.0,100.0,49.2,40.9
MS-350075-2,MS,350,75,7.89e+09,7.111e+08,8.98e+06,2.846e-14,0.01,3.414e-06,1.841,0,1000.0,50.0,323.0,80.0,47.9,39.6
MS-350090-2,MS,350,90,7.89e+09,7.111e+08,8.98e+06,2.846e-14,0.01,3.994e-06,1.883,0,1000.0,50.0,323.0,50.0,61.3,52.9
MS-350125-2,MS,350,125,1.394e+10,1.034e+09,1.244e+07,4.007e-14,0.01,7.884e-06,1.883,0,1000.0,50.0,276.0,40.0,55.0,46.4
MS-350147-2,MS,350,147,1.394e+10,1.034e+09,1.244e+07,4.007e-14,0.01,4.732e-05,1.539,0,1000.0,50.0,276.0,40.0,42.0,35.3
MS-400014-2,MS,400,14,1e+06,1.814e+08,3.377e+06,2.628e-14,0.01,9.443e-07,1.533,0,300.0,100.0,180.0,200.0,75.9,70.4
MS-400026-2,MS,400,26,1e+06,4.969e+08,3.993e+06,2.867e-14,0.01,2.061e-07,1.995,0,500.0,100.0,295.0,200.0,55.4,46.3
MS-400040-2,MS,400,40,1e+06,6.961e+08,5.397e+06,4.127e-14,0.01,2.655e-06,1.703,0,1000.0,50.0,441.0,100.0,59.6,52.0
MS-400060-2,MS,400,60,7.89e+09,7.111e+08,8.98e+06,2.846e-14,0.01,2.151e-06,1.841,0,1000.0,50.0,323.0,100.0,49.2,40.9
MS-400075-2,MS,400,75,7.89e+09,7.111e+08,8.98e+06,2.846e-14,0.01,3.414e-06,1.841,0,1000.0,50.0,323.0,80.0,47.9,39.6
MS-400090-2,MS,400,90,7.89e+09,7.111e+08,8.98e+06,2.846e-14,0.01,3.994e-06,1.883,0,1000.0,50.0,323.0,50.0,61.3,52.9
MS-400125-2,MS,400,125,1.394e+10,1.034e+09,1.244e+07,4.007e-14,0.01,7.884e-06,1.883,0,1000.0,50.0,276.0,40.0,55.0,46.4
MS-400147-2,MS,400,147,1.394e+10,1.034e+09,1.244e+07,4.007e-14,0.01,4.732e-05,1.539,0,1000.0,50.0,276.0,40.0,42.0,35.3
MS-401014-2,MS,401,14,1e+06,1.814e+08,3.377e+06,2.628e-14,0.01,9.443e-07,1.533,0,300.0,100.0,180.0,200.0,75.9,70.4
MS-401026-2,MS,401,26,1e+06,4.969e+08,3.993e+06,2.867e-14,0.01,2.061e-07,1.995,0,500.0,100.0,295.0,200.0,55.4,46.3
MS-401040-2,MS,401,40,1e+06,6.961e+08,5.397e+06,4.127e-14,0.01,2.655e-06,1.703,0,1000.0,50.0,441.0,100.0,59.6,52.0
MS-401060-2,MS,401,60,7.89e+09,7.111e+08,8.98e+06,2.846e-14,0.01,2.151e-06,1.841,0,1000.0,50.0,323.0,100.0,49.2,40.9
MS-401075-2,MS,401,75,7.89e+09,7.111e+08,8.98e+06,2.846e-14,0.01,3.414e-06,1.841,0,1000.0,50.0,323.0,80.0,47.9,39.6
MS-401090-2,MS,401,90,7.89e+09,7.111e+08,8.98e+06,2.846e-14,0.01,3.994e-06,1.883,0,1000.0,50.0,323.0,50.0,61.3,52.9
MS-401125-2,MS,401,125,1.394e+10,1.034e+09,1.244e+07,4.007e-14,0.01,7.884e-06,1.883,0,1000.0,50.0,276.0,40.0,55.0,46.4
MS-401147-2,MS,401,147,1.394e+10,1.034e+09,1.244e+07,4.007e-14,0.01,4.732e-05,1.539,0,1000.0,50.0,276.0,40.0,42.0,35.3
MS-520014-2,MS,520,14,1e+06,2.035e+08,3.969e+06,3.473e-14,0.01,1.065e-06,1.553,0,300.0,100.0,168.0,200.0,71.5,65.4
MS-520026-2,MS,520,26,1e+06,3.991e+08,2.565e+06,3.32e-14,0.01,4.158e-06,1.508,0,500.0,100.0,379.0,200.0,44.9,38.2
MS-520040-2,MS,520,40,1e+06,6.961e+08,5.397e+06,4.127e-14,0.01,2.655e-06,1.703,0,1000.0,50.0,441.0,100.0,59.6,52.0
MS-520060-2,MS,520,60,7.89e+09,7.111e+08,8.98e+06,2.846e-14,0.01,2.151e-06,1.841,0,1000.0,50.0,323.0,100.0,49.2,40.9
MS-520075-2,MS,520,75,7.89e+09,7.111e+08,8.98e+06,2.846e-14,0.01,3.414e-06,1.841,0,1000.0,50.0,323.0,80.0,47.9,39.6
MS-520090-2,MS,520,90,7.89e+09,7.111e+08,8.98e+06,2.846e-14,0.01,4.807e-05,1.349,0,1000.0,50.0,323.0,50.0,51.5,45.4
MS-520125-2,MS,520,125,1.394e+10,1.034e+09,1.244e+07,4.007e-14,0.01,3.798e-05,1.548,0,1000.0,50.0,276.0,40.0,46.6,39.7
MS-521014-2,MS,521,14,1e+06,2.035e+08,3.969e+06,3.473e-14,0.01,1.065e-06,1.553,0,300.0,100.0,168.0,200.0,71.5,65.4
MS-521026-2,MS,521,26,1e+06,3.991e+08,2.565e+06,3.32e-14,0.01,4.158e-06,1.508,0,500.0,100.0,379.0,200.0,44.9,38.2
MS-521040-2,MS,521,40,1e+06,6.961e+08,5.397e+06,4.127e-14,0.01,2.655e-06,1.703,0,1000.0,50.0,441.0,100.0,59.6,52.0
MS-521060-2,MS,521,60,7.89e+09,7.111e+08,8.98e+06,2.846e-14,0.01,2.151e-06,1.841,0,1000.0,50.0,323.0,100.0,49.2,40.9
MS-521075-2,MS,521,75,7.89e+09,7.111e+08,8.98e+06,2.846e-14,0.01,3.414e-06,1.841,0,1000.0,50.0,323.0,80.0,47.9,39.6
MS-521090-2,MS,521,90,7.89e+09,7.111e+08,8.98e+06,2.846e-14,0.01,4.807e-05,1.349,0,1000.0,50.0,323.0,50.0,51.5,45.4
MS-521125-2,MS,521,125,1.394e+10,1.034e+09,1.244e+07,4.007e-14,0.01,3.798e-05,1.548,0,1000.0,50.0,276.0,40.0,46.6,39.7
MS-600014-2,MS,600,14,1e+06,2.035e+08,3.969e+06,3.473e-14,0.01,1.065e-06,1.553,0,300.0,100.0,168.0,200.0,71.5,65.4
MS-600026-2,MS,600,26,1e+06,3.991e+08,2.565e+06,3.32e-14,0.01,4.158e-06,1.508,0,500.0,100.0,379.0,200.0,44.9,38.2
MS-600040-2,MS,600,40,1e+06,6.961e+08,5.397e+06,4.127e-14,0.01,2.655e-06,1.703,0,1000.0,50.0,441.0,100.0,59.6,52.0
MS-600060-2,MS,600,60,7.89e+09,7.111e+08,8.98e+06,2.846e-14,0.01,2.151e-06,1.841,0,1000.0,50.0,323.0,100.0,49.2,40.9
MS-600075-2,MS,600,75,7.89e+09,7.111e+08,8.98e+06,2.846e-14,0.01,3.414e-06,1.841,0,1000.0,50.0,323.0,80.0,47.9,39.6
MS-600090-2,MS,600,90,7.89e+09,7.111e+08,8.98e+06,2.846e-14,0.01,4.807e-05,1.349,0,1000.0,50.0,323.0,50.0,51.5,45.4
MS-601014-2,MS,601,14,1e+06,2.035e+08,3.969e+06,3.473e-14,0.01,1.065e-06,1.553,0,300.0,100.0,168.0,200.0,71.5,65.4
MS-601026-2,MS,601,26,1e+06,3.991e+08,2.565e+06,3.32e-14,0.01,4.158e-06,1.508,0,500.0,100.0,379.0,200.0,44.9,38.2
MS-601040-2,MS,601,40,1e+06,6.961e+08,5.397e+06,4.127e-14,0.01,2.655e-06,1.703,0,1000.0,50.0,441.0,100.0,59.6,52.0
MS-601060-2,MS,601,60,7.89e+09,7.111e+08,8.98e+06,2.846e-14,0.01,2.151e-06,1.841,0,1000.0,50.0,323.0,100.0,49.2,40.9
MS-601075-2,MS,601,75,7.89e+09,7.111e+08,8.98e+06,2.846e-14,0.01,3.414e-06,1.841,0,1000.0,50.0,323.0,80.0,47.9,39.6
MS-601090-2,MS,601,90,7.89e+09,7.111e+08,8.98e+06,2.846e-14,0.01,4.807e-05,1.349,0,1000.0,50.0,323.0,50.0,51.5,45.4
MS-650014-2,MS,650,14,1e+06,2.035e+08,3.969e+06,3.473e-14,0.01,1.065e-06,1.553,0,300.0,100.0,168.0,200.0,71.5,65.4
MS-650026-2,MS,650,26,1e+06,3.991e+08,2.565e+06,3.32e-14,0.01,4.158e-06,1.508,0,500.0,100.0,379.0,200.0,44.9,38.2
MS-650040-2,MS,650,40,1e+06,6.961e+08,5.397e+06,4.127e-14,0.01,2.655e-06,1.703,0,1000.0,50.0,441.0,100.0,59.6,52.0
MS-650060-2,MS,650,60,7.89e+09,7.111e+08,8.98e+06,2.846e-14,0.01,2.151e-06,1.841,0,1000.0,50.0,323.0,100.0,49.2,40.9
MS-775014-2,MS,775,14,1e+06,2.035e+08,3.969e+06,3.473e-14,0.01,1.065e-06,1.553,0,300.0,100.0,168.0,200.0,71.5,65.4
MS-775026-2,MS,775,26,1e+06,3.991e+08,2.565e+06,3.32e-14,0.01,4.158e-06,1.508,0,500.0,100.0,379.0,200.0,44.9,38.2
MS-775040-2,MS,775,40,1e+06,6.961e+08,5.397e+06,4.127e-14,0.01,2.655e-06,1.703,0,1000.0,50.0,441.0,100.0,59.6,52.0
MS-775060-2,MS,775,60,7.89e+09,7.111e+08,8.98e+06,2.846e-14,0.01,2.151e-06,1.841,0,1000.0,50.0,323.0,100.0,49.2,40.9
OC-014026-8,OC,014,26,1e+06,4.028e+08,5.15e+06,2.4e-14,0.01,3.287e-07,1.778,0,300.0,100.0,103.0,200.0,71.2,64.1
OC-014060-8,OC,014,60,2.288e+09,1.502e+09,3.344e+06,1.782e-14,0.01,8.573e-08,2.326,0,1000.0,50.0,263.0,100.0,72.3,63.0
OC-014090-8,OC,014,90,3.398e+09,1.939e+09,4.26e+06,1.685e-14,0.01,4.557e-07,2.175,0,1000.0,50.0,211.0,50.0,81.6,74.9
OC-014125-8,OC,014,125,1e+06,2.369e+09,1.449e+06,2.303e-14,0.01,8.99e-07,2.221,0,1000.0,50.0,217.0,40.0,75.5,67.2
OC-015060-8,OC,015,60,2.288e+09,1.502e+09,3.344e+06,1.782e-14,0.01,8.573e-08,2.326,0,1000.0,50.0,263.0,100.0,72.3,63.0
OC-015125-8,OC,015,125,1e+06,2.369e+09,1.449e+06,2.303e-14,0.01,8.99e-07,2.221,0,1000.0,50.0,217.0,40.0,75.5,67.2
OC-018060-8,OC,018,60,2.288e+09,1.502e+09,3.344e+06,1.782e-14,0.01,8.573e-08,2.326,0,1000.0,50.0,263.0,100.0,72.3,63.0
OC-018125-8,OC,018,125,1e+06,2.369e+09,1.449e+06,2.303e-14,0.01,8.99e-07,2.221,0,1000.0,50.0,217.0,40.0,75.5,67.2
OC-025060-8,OC,025,60,2.288e+09,1.502e+09,3.344e+06,1.782e-14,0.01,8.573e-08,2.326,0,1000.0,50.0,263.0,100.0,72.3,63.0
OC-025125-8,OC,025,125,1e+06,2.369e+09,1.449e+06,2.303e-14,0.01,8.99e-07,2.221,0,1000.0,50.0,217.0,40.0,75.5,67.2
OC-026060-8,OC,026,60,2.288e+09,1.502e+09,3.344e+06,1.782e-14,0.01,8.573e-08,2.326,0,1000.0,50.0,263.0,100.0,72.3,63.0
OC-026125-8,OC,026,125,1e+06,2.369e+09,1.449e+06,2.303e-14,0.01,8.99e-07,2.221,0,1000.0,50.0,217.0,40.0,75.5,67.2
OC-027060-8,OC,027,60,2.288e+09,1.502e+09,3.344e+06,1.782e-14,0.01,8.573e-08,2.326,0,1000.0,50.0,263.0,100.0,72.3,63.0
OC-027125-8,OC,027,125,1e+06,2.369e+09,1.449e+06,2.303e-14,0.01,8.99e-07,2.221,0,1000.0,50.0,217.0,40.0,75.5,67.2
OC-028060-8,OC,028,60,2.288e+09,1.502e+09,3.344e+06,1.782e-14,0.01,8.573e-08,2.326,0,1000.0,50.0,263.0,100.0,72.3,63.0
OC-028125-8,OC,028,125,1e+06,2.369e+09,1.449e+06,2.303e-14,0.01,8.99e-07,2.221,0,1000.0,50.0,217.0,40.0,75.5,67.2
OC-031060-8,OC,031,60,2.288e+09,1.502e+09,3.344e+06,1.782e-14,0.01,8.573e-08,2.326,0,1000.0,50.0,263.0,100.0,72.3,63.0
OC-031125-8,OC,031,125,1e+06,2.369e+09,1.449e+06,2.303e-14,0.01,8.99e-07,2.221,0,1000.0,50.0,217.0,40.0,75.5,67.2
OC-038060-8,OC,038,60,2.288e+09,1.502e+09,3.344e+06,1.782e-14,0.01,8.573e-08,2.326,0,1000.0,50.0,263.0,100.0,72.3,63.0
OC-038125-8,OC,038,125,1e+06,2.369e+09,1.449e+06,2.303e-14,0.01,8.99e-07,2.221,0,1000.0,50.0,217.0,40.0,75.5,67.2
OC-039060-8,OC,039,60,2.288e+09,1.502e+09,3.344e+06,1.782e-14,0.01,8.573e-08,2.326,0,1000.0,50.0,263.0,100.0,72.3,63.0
OC-039125-8,OC,039,125,1e+06,2.369e+09,1.449e+06,2.303e-14,0.01,8.99e-07,2.221,0,1000.0,50.0,217.0,40.0,75.5,67.2
OC-040060-2,OC,040,60,2.288e+09,1.502e+09,3.344e+06,1.782e-14,0.01,8.573e-08,2.326,0,1000.0,50.0,263.0,100.0,72.3,63.0
OC-040125-2,OC,040,125,1e+06,2.369e+09,1.449e+06,2.303e-14,0.01,8.99e-07,2.221,0,1000.0,50.0,217.0,40.0,75.5,67.2
OC-044060-2,OC,044,60,2.288e+09,1.502e+09,3.344e+06,1.782e-14,0.01,8.573e-08,2.326,0,1000.0,50.0,263.0,100.0,72.3,63.0
OC-044125-2,OC,044,125,1e+06,2.369e+09,1.449e+06,2.303e-14,0.01,8.99e-07,2.221,0,1000.0,50.0,217.0,40.0,75.5,67.2
OC-050060-2,OC,050,60,2.288e+09,1.502e+09,3.344e+06,1.782e-14,0.01,8.573e-08,2.326,0,1000.0,50.0,263.0,100.0,72.3,63.0
OC-050125-2,OC,050,125,1e+06,2.369e+09,1.449e+06,2.303e-14,0.01,8.99e-07,2.221,0,1000.0,50.0,217.0,40.0,75.5,67.2
OC-065060-2,OC,065,60,2.288e+09,1.502e+09,3.344e+06,1.782e-14,0.01,8.573e-08,2.326,0,1000.0,50.0,263.0,100.0,72.3,63.0
OC-065125-2,OC,065,125,1e+06,2.369e+09,1.449e+06,2.303e-14,0.01,8.99e-07,2.221,0,1000.0,50.0,217.0,40.0,75.5,67.2
OC-068060-2,OC,068,60,2.288e+09,1.502e+09,3.344e+06,1.782e-14,0.01,8.573e-08,2.326,0,1000.0,50.0,263.0,100.0,72.3,63.0
OC-068125-2,OC,068,125,1e+06,2.369e+09,1.449e+06,2.303e-14,0.01,8.99e-07,2.221,0,1000.0,50.0,217.0,40.0,75.5,67.2
OC-080060-2,OC,080,60,2.288e+09,1.502e+09,3.344e+06,1.782e-14,0.01,8.573e-08,2.326,0,1000.0,50.0,263.0,100.0,72.3,63.0
OC-080125-2,OC,080,125,1e+06,2.369e+09,1.449e+06,2.303e-14,0.01,8.99e-07,2.221,0,1000.0,50.0,217.0,40.0,75.5,67.2
OC-090060-2,OC,090,60,2.288e+09,1.502e+09,3.344e+06,1.782e-14,0.01,8.573e-08,2.326,0,1000.0,50.0,263.0,100.0,72.3,63.0
OC-090125-2,OC,090,125,1e+06,2.369e+09,1.449e+06,2.303e-14,0.01,8.99e-07,2.221,0,1000.0,50.0,217.0,40.0,75.5,67.2
OC-092060-2,OC,092,60,2.288e+09,1.502e+09,3.344e+06,1.782e-14,0.01,8.573e-08,2.326,0,1000.0,50.0,263.0,100.0,72.3,63.0
OC-092125-2,OC,092,125,1e+06,2.369e+09,1.449e+06,2.303e-14,0.01,8.99e-07,2.221,0,1000.0,50.0,217.0,40.0,75.5,67.2
OC-106060-2,OC,106,60,2.288e+09,1.502e+09,3.344e+06,1.782e-14,0.01,8.573e-08,2.326,0,1000.0,50.0,263.0,100.0,72.3,63.0
OC-106125-2,OC,106,125,1e+06,2.369e+09,1.449e+06,2.303e-14,0.01,8.99e-07,2.221,0,1000.0,50.0,217.0,40.0,75.5,67.2
OC-107060-2,OC,107,60,2.288e+09,1.502e+09,3.344e+06,1.782e-14,0.01,8.573e-08,2.326,0,1000.0,50.0,263.0,100.0,72.3,63.0
OC-107125-2,OC,107,125,1e+06,2.369e+09,1.449e+06,2.303e-14,0.01,8.99e-07,2.221,0,1000.0,50.0,217.0,40.0,75.5,67.2
OC-108060-2,OC,108,60,2.288e+09,1.502e+09,3.344e+06,1.782e-14,0.01,8.573e-08,2.326,0,1000.0,50.0,263.0,100.0,72.3,63.0
OC-108125-2,OC,108,125,1e+06,2.369e+09,1.449e+06,2.303e-14,0.01,8.99e-07,2.221,0,1000.0,50.0,217.0,40.0,75.5,67.2
OC-109060-2,OC,109,60,2.288e+09,1.502e+09,3.344e+06,1.782e-14,0.01,8.573e-08,2.326,0,1000.0,50.0,263.0,100.0,72.3,63.0
OC-109125-2,OC,109,125,1e+06,2.369e+09,1.449e+06,2.303e-14,0.01,8.99e-07,2.221,0,1000.0,50.0,217.0,40.0,75.5,67.2
OC-130060-2,OC,130,60,2.288e+09,1.502e+09,3.344e+06,1.782e-14,0.01,8.573e-08,2.326,0,1000.0,50.0,263.0,100.0,72.3,63.0
OC-130125-2,OC,130,125,1e+06,2.369e+09,1.449e+06,2.303e-14,0.01,8.99e-07,2.221,0,1000.0,50.0,217.0,40.0,75.5,67.2
OC-131060-2,OC,131,60,2.288e+09,1.502e+09,3.344e+06,1.782e-14,0.01,8.573e-08,2.326,0,1000.0,50.0,263.0,100.0,72.3,63.0
OC-131125-2,OC,131,125,1e+06,2.369e+09,1.449e+06,2.303e-14,0.01,8.99e-07,2.221,0,1000.0,50.0,217.0,40.0,75.5,67.2
OC-132060-2,OC,132,60,2.288e+09,1.502e+09,3.344e+06,1.782e-14,0.01,8.573e-08,2.326,0,1000.0,50.0,263.0,100.0,72.3,63.0
OC-132125-2,OC,132,125,1e+06,2.369e+09,1.449e+06,2.303e-14,0.01,8.99e-07,2.221,0,1000.0,50.0,217.0,40.0,75.5,67.2
OC-133060-2,OC,133,60,2.288e+09,1.502e+09,3.344e+06,1.782e-14,0.01,8.573e-08,2.326,0,1000.0,50.0,263.0,100.0,72.3,63.0
OC-133125-2,OC,133,125,1e+06,2.369e+09,1.449e+06,2.303e-14,0.01,8.99e-07,2.221,0,1000.0,50.0,217.0,40.0,75.5,67.2
OC-134060-2,OC,134,60,2.288e+09,1.502e+09,3.344e+06,1.782e-14,0.01,8.573e-08,2.326,0,1000.0,50.0,263.0,100.0,72.3,63.0
OC-134125-2,OC,134,125,1e+06,2.369e+09,1.449e+06,2.303e-14,0.01,8.99e-07,2.221,0,1000.0,50.0,217.0,40.0,75.5,67.2
OC-135060-2,OC,135,60,2.288e+09,1.502e+09,3.344e+06,1.782e-14,0.01,8.573e-08,2.326,0,1000.0,50.0,263.0,100.0,72.3,63.0
OC-135125-2,OC,135,125,1e+06,2.369e+09,1.449e+06,2.303e-14,0.01,8.99e-07,2.221,0,1000.0,50.0,217.0,40.0,75.5,67.2
OC-141060-2,OC,141,60,2.288e+09,1.502e+09,3.344e+06,1.782e-14,0.01,8.573e-08,2.326,0,1000.0,50.0,263.0,100.0,72.3,63.0
OC-141125-2,OC,141,125,1e+06,2.369e+09,1.449e+06,2.303e-14,0.01,8.99e-07,2.221,0,1000.0,50.0,217.0,40.0,75.5,67.2
OC-157060-2,OC,157,60,2.288e+09,1.502e+09,3.344e+06,1.782e-14,0.01,8.573e-08,2.326,0,1000.0,50.0,263.0,100.0,72.3,63.0
OC-157125-2,OC,157,125,1e+06,2.369e+09,1.449e+06,2.303e-14,0.01,8.99e-07,2.221,0,1000.0,50.0,217.0,40.0,75.5,67.2
OC-184060-2,OC,184,60,2.288e+09,1.502e+09,3.344e+06,1.782e-14,0.01,8.573e-08,2.326,0,1000.0,50.0,263.0,100.0,72.3,63.0
OC-184125-2,OC,184,125,1e+06,2.369e+09,1.449e+06,2.303e-14,0.01,8.99e-07,2.221,0,1000.0,50.0,217.0,40.0,75.5,67.2
OC-185060-2,OC,185,60,2.288e+09,1.502e+09,3.344e+06,1.782e-14,0.01,8.573e-08,2.326,0,1000.0,50.0,263.0,100.0,72.3,63.0
OC-185125-2,OC,185,125,1e+06,2.369e+09,1.449e+06,2.303e-14,0.01,8.99e-07,2.221,0,1000.0,50.0,217.0,40.0,75.5,67.2
OC-200026-2,OC,200,26,1e+06,4.028e+08,5.15e+06,2.4e-14,0.01,3.287e-07,1.778,0,300.0,100.0,103.0,200.0,71.2,64.1
OC-200060-2,OC,200,60,2.288e+09,1.502e+09,3.344e+06,1.782e-14,0.01,8.573e-08,2.326,0,1000.0,50.0,263.0,100.0,72.3,63.0
OC-200090-2,OC,200,90,3.398e+09,1.939e+09,4.26e+06,1.685e-14,0.01,4.557e-07,2.175,0,1000.0,50.0,211.0,50.0,81.6,74.9
OC-200125-2,OC,200,125,1e+06,2.369e+09,1.449e+06,2.303e-14,0.01,8.99e-07,2.221,0,1000.0,50.0,217.0,40.0,75.5,67.2
OC-225026-2,OC,225,26,1e+06,4.028e+08,5.15e+06,2.4e-14,0.01,3.287e-07,1.778,0,300.0,100.0,103.0,200.0,71.2,64.1
OC-225060-2,OC,225,60,2.288e+09,1.502e+09,3.344e+06,1.782e-14,0.01,8.573e-08,2.326,0,1000.0,50.0,263.0,100.0,72.3,63.0
OC-225090-2,OC,225,90,3.398e+09,1.939e+09,4.26e+06,1.685e-14,0.01,4.557e-07,2.175,0,1000.0,50.0,211.0,50.0,81.6,74.9
OC-225125-2,OC,225,125,1e+06,2.369e+09,1.449e+06,2.303e-14,0.01,8.99e-07,2.221,0,1000.0,50.0,217.0,40.0,75.5,67.2
OC-226026-2,OC,226,26,1e+06,4.028e+08,5.15e+06,2.4e-14,0.01,3.287e-07,1.778,0,300.0,100.0,103.0,200.0,71.2,64.1
OC-226060-2,OC,226,60,2.288e+09,1.502e+09,3.344e+06,1.782e-14,0.01,8.573e-08,2.326,0,1000.0,50.0,263.0,100.0,72.3,63.0
OC-226090-2,OC,226,90,3.398e+09,1.939e+09,4.26e+06,1.685e-14,0.01,4.557e-07,2.175,0,1000.0,50.0,211.0,50.0,81.6,74.9
OC-226125-2,OC,226,125,1e+06,2.369e+09,1.449e+06,2.303e-14,0.01,8.99e-07,2.221,0,1000.0,50.0,217.0,40.0,75.5,67.2
OC-250026-2,OC,250,26,1e+06,4.028e+08,5.15e+06,2.4e-14,0.01,3.287e-07,1.778,0,300.0,100.0,103.0,200.0,71.2,64.1
OC-250060-2,OC,250,60,2.288e+09,1.502e+09,3.344e+06,1.782e-14,0.01,8.573e-08,2.326,0,1000.0,50.0,263.0,100.0,72.3,63.0
OC-250090-2,OC,250,90,3.398e+09,1.939e+09,4.26e+06,1.685e-14,0.01,4.557e-07,2.175,0,1000.0,50.0,211.0,50.0,81.6,74.9
OC-250125-2,OC,250,125,1.67e+10,1.104e+09,4.284e+06,1.788e-14,0.01,7.962e-06,1.804,0,1000.0,50.0,290.0,40.0,61.8,53.8
OC-292026-2,OC,292,26,1e+06,4.028e+08,5.15e+06,2.4e-14,0.01,3.287e-07,1.778,0,300.0,100.0,103.0,200.0,71.2,64.1
OC-292060-2,OC,292,60,2.288e+09,1.502e+09,3.344e+06,1.782e-14,0.01,8.573e-08,2.326,0,1000.0,50.0,263.0,100.0,72.3,63.0
OC-292090-2,OC,292,90,3.398e+09,1.939e+09,4.26e+06,1.685e-14,0.01,4.557e-07,2.175,0,1000.0,50.0,211.0,50.0,81.6,74.9
OC-292125-2,OC,292,125,1.67e+10,1.104e+09,4.284e+06,1.788e-14,0.01,7.962e-06,1.804,0,1000.0,50.0,290.0,40.0,61.8,53.8
OC-300026-2,OC,300,26,1e+06,4.028e+08,5.15e+06,2.4e-14,0.01,3.287e-07,1.778,0,300.0,100.0,103.0,200.0,71.2,64.1
OC-300060-2,OC,300,60,2.288e+09,1.502e+09,3.344e+06,1.782e-14,0.01,8.573e-08,2.326,0,1000.0,50.0,263.0,100.0,72.3,63.0
OC-300090-2,OC,300,90,3.398e+09,1.939e+09,4.26e+06,1.685e-14,0.01,4.557e-07,2.175,0,1000.0,50.0,211.0,50.0,81.6,74.9
OC-300125-2,OC,300,125,1.67e+10,1.104e+09,4.284e+06,1.788e-14,0.01,7.962e-06,1.804,0,1000.0,50.0,290.0,40.0,61.8,53.8
OC-301026-2,OC,301,26,1e+06,4.028e+08,5.15e+06,2.4e-14,0.01,3.287e-07,1.778,0,300.0,100.0,103.0,200.0,71.2,64.1
OC-301060-2,OC,301,60,2.288e+09,1.502e+09,3.344e+06,1.782e-14,0.01,8.573e-08,2.326,0,1000.0,50.0,263.0,100.0,72.3,63.0
OC-301090-2,OC,301,90,3.398e+09,1.939e+09,4.26e+06,1.685e-14,0.01,4.557e-07,2.175,0,1000.0,50.0,211.0,50.0,81.6,74.9
OC-301125-2,OC,301,125,1.67e+10,1.104e+09,4.284e+06,1.788e-14,0.01,7.962e-06,1.804,0,1000.0,50.0,290.0,40.0,61.8,53.8
OC-350026-2,OC,350,26,1e+06,4.028e+08,5.15e+06,2.4e-14,0.01,3.287e-07,1.778,0,300.0,100.0,103.0,200.0,71.2,64.1
OC-350060-2,OC,350,60,2.288e+09,1.502e+09,3.344e+06,1.782e-14,0.01,8.573e-08,2.326,0,1000.0,50.0,263.0,100.0,72.3,63.0
OC-350090-2,OC,350,90,3.398e+09,1.939e+09,4.26e+06,1.685e-14,0.01,4.557e-07,2.175,0,1000.0,50.0,211.0,50.0,81.6,74.9
OC-350125-2,OC,350,125,1.67e+10,1.104e+09,4.284e+06,1.788e-14,0.01,7.962e-06,1.804,0,1000.0,50.0,290.0,40.0,61.8,53.8
OC-400026-2,OC,400,26,1e+06,4.028e+08,5.15e+06,2.4e-14,0.01,3.287e-07,1.778,0,300.0,100.0,103.0,200.0,71.2,64.1
OC-400060-2,OC,400,60,2.288e+09,1.502e+09,3.344e+06,1.782e-14,0.01,8.573e-08,2.326,0,1000.0,50.0,263.0,100.0,72.3,63.0
OC-400090-2,OC,400,90,3.398e+09,1.939e+09,4.26e+06,1.685e-14,0.01,4.557e-07,2.175,0,1000.0,50.0,211.0,50.0,81.6,74.9
OC-400125-2,OC,400,125,1.67e+10,1.104e+09,4.284e+06,1.788e-14,0.01,7.962e-06,1.804,0,1000.0,50.0,290.0,40.0,61.8,53.8
OC-401026-2,OC,401,26,1e+06,4.028e+08,5.15e+06,2.4e-14,0.01,3.287e-07,1.778,0,300.0,100.0,103.0,200.0,71.2,64.1
OC-401060-2,OC,401,60,2.288e+09,1.502e+09,3.344e+06,1.782e-14,0.01,8.573e-08,2.326,0,1000.0,50.0,263.0,100.0,72.3,63.0
OC-401090-2,OC,401,90,3.398e+09,1.939e+09,4.26e+06,1.685e-14,0.01,4.557e-07,2.175,0,1000.0,50.0,211.0,50.0,81.6,74.9
OC-401125-2,OC,401,125,1.67e+10,1.104e+09,4.284e+06,1.788e-14,0.01,7.962e-06,1.804,0,1000.0,50.0,290.0,40.0,61.8,53.8
OC-520026-2,OC,520,26,1e+06,6.209e+08,3.704e+05,2.741e-14,0.01,1.215e-06,1.607,0,300.0,100.0,103.0,200.0,62.2,55.2
OC-520060-2,OC,520,60,2.288e+09,1.502e+09,3.344e+06,1.782e-14,0.01,8.573e-08,2.326,0,1000.0,50.0,263.0,100.0,72.3,63.0
OC-521026-2,OC,521,26,1e+06,6.209e+08,3.704e+05,2.741e-14,0.01,1.215e-06,1.607,0,300.0,100.0,103.0,200.0,62.2,55.2
OC-521060-2,OC,521,60,2.288e+09,1.502e+09,3.344e+06,1.782e-14,0.01,8.573e-08,2.326,0,1000.0,50.0,263.0,100.0,72.3,63.0
OD-014026-8,OD,014,26,1e+06,2.514e+08,3.499e+06,2.729e-14,0.01,5.445e-08,2.001,0,300.0,100.0,151.0,200.0,82.0,76.0
OD-014060-8,OD,014,60,1e+06,8.154e+08,2.976e+06,3.292e-14,0.01,2.111e-08,2.501,0,1000.0,50.0,450.0,100.0,82.5,74.9
OD-014090-8,OD,014,90,1e+06,7.629e+08,4.688e+06,4.273e-14,0.01,4.343e-07,2.124,0,1000.0,50.0,443.0,50.0,85.0,79.4
OD-200026-2,OD,200,26,1e+06,2.514e+08,3.499e+06,2.729e-14,0.01,5.445e-08,2.001,0,300.0,100.0,151.0,200.0,82.0,76.0
OD-200060-2,OD,200,60,1e+06,8.154e+08,2.976e+06,3.292e-14,0.01,2.111e-08,2.501,0,1000.0,50.0,450.0,100.0,82.5,74.9
OD-200090-2,OD,200,90,1e+06,7.629e+08,4.688e+06,4.273e-14,0.01,4.343e-07,2.124,0,1000.0,50.0,443.0,50.0,85.0,79.4
OD-225026-2,OD,225,26,1e+06,2.514e+08,3.499e+06,2.729e-14,0.01,5.445e-08,2.001,0,300.0,100.0,151.0,200.0,82.0,76.0
OD-225060-2,OD,225,60,1e+06,8.154e+08,2.976e+06,3.292e-14,0.01,2.111e-08,2.501,0,1000.0,50.0,450.0,100.0,82.5,74.9
OD-225090-2,OD,225,90,1e+06,7.629e+08,4.688e+06,4.273e-14,0.01,4.343e-07,2.124,0,1000.0,50.0,443.0,50.0,85.0,79.4
OD-226026-2,OD,226,26,1e+06,2.514e+08,3.499e+06,2.729e-14,0.01,5.445e-08,2.001,0,300.0,100.0,151.0,200.0,82.0,76.0
OD-226060-2,OD,226,60,1e+06,8.154e+08,2.976e+06,3.292e-14,0.01,2.111e-08,2.501,0,1000.0,50.0,450.0,100.0,82.5,74.9
OD-226090-2,OD,226,90,1e+06,7.629e+08,4.688e+06,4.273e-14,0.01,4.343e-07,2.124,0,1000.0,50.0,443.0,50.0,85.0,79.4
OD-250026-2,OD,250,26,1e+06,2.514e+08,3.499e+06,2.729e-14,0.01,5.445e-08,2.001,0,300.0,100.0,151.0,200.0,82.0,76.0
OD-250060-2,OD,250,60,1e+06,8.154e+08,2.976e+06,3.292e-14,0.01,2.111e-08,2.501,0,1000.0,50.0,450.0,100.0,82.5,74.9
OD-250090-2,OD,250,90,1e+06,7.629e+08,4.688e+06,4.273e-14,0.01,4.343e-07,2.124,0,1000.0,50.0,443.0,50.0,85.0,79.4
OD-292026-2,OD,292,26,1e+06,2.514e+08,3.499e+06,2.729e-14,0.01,5.445e-08,2.001,0,300.0,100.0,151.0,200.0,82.0,76.0
OD-292060-2,OD,292,60,1e+06,8.154e+08,2.976e+06,3.292e-14,0.01,2.111e-08,2.501,0,1000.0,50.0,450.0,100.0,82.5,74.9
OD-292090-2,OD,292,90,1e+06,7.629e+08,4.688e+06,4.273e-14,0.01,4.343e-07,2.124,0,1000.0,50.0,443.0,50.0,85.0,79.4
OD-300026-2,OD,300,26,1e+06,2.514e+08,3.499e+06,2.729e-14,0.01,5.445e-08,2.001,0,300.0,100.0,151.0,200.0,82.0,76.0
OD-300060-2,OD,300,60,1e+06,8.154e+08,2.976e+06,3.292e-14,0.01,2.111e-08,2.501,0,1000.0,50.0,450.0,100.0,82.5,74.9
OD-300090-2,OD,300,90,1e+06,7.629e+08,4.688e+06,4.273e-14,0.01,4.343e-07,2.124,0,1000.0,50.0,443.0,50.0,85.0,79.4
OD-301026-2,OD,301,26,1e+06,2.514e+08,3.499e+06,2.729e-14,0.01,5.445e-08,2.001,0,300.0,100.0,151.0,200.0,82.0,76.0
OD-301060-2,OD,301,60,1e+06,8.154e+08,2.976e+06,3.292e-14,0.01,2.111e-08,2.501,0,1000.0,50.0,450.0,100.0,82.5,74.9
OD-301090-2,OD,301,90,1e+06,7.629e+08,4.688e+06,4.273e-14,0.01,4.343e-07,2.124,0,1000.0,50.0,443.0,50.0,85.0,79.4
OD-350026-2,OD,350,26,1e+06,2.514e+08,3.499e+06,2.729e-14,0.01,5.445e-08,2.001,0,300.0,100.0,151.0,200.0,82.0,76.0
OD-350060-2,OD,350,60,1e+06,8.154e+08,2.976e+06,3.292e-14,0.01,2.111e-08,2.501,0,1000.0,50.0,450.0,100.0,82.5,74.9
OD-350090-2,OD,350,90,1e+06,7.629e+08,4.688e+06,4.273e-14,0.01,4.343e-07,2.124,0,1000.0,50.0,443.0,50.0,85.0,79.4
OD-400026-2,OD,400,26,1e+06,2.514e+08,3.499e+06,2.729e-14,0.01,1.553e-07,1.845,0,300.0,100.0,151.0,200.0,78.6,72.4
OD-400060-2,OD,400,60,1e+06,8.154e+08,2.976e+06,3.292e-14,0.01,2.111e-08,2.501,0,1000.0,50.0,450.0,100.0,82.5,74.9
OD-400090-2,OD,400,90,1e+06,7.629e+08,4.688e+06,4.273e-14,0.01,4.343e-07,2.124,0,1000.0,50.0,443.0,50.0,85.0,79.4
OD-401026-2,OD,401,26,1e+06,2.514e+08,3.499e+06,2.729e-14,0.01,1.553e-07,1.845,0,300.0,100.0,151.0,200.0,78.6,72.4
OD-401060-2,OD,401,60,1e+06,8.154e+08,2.976e+06,3.292e-14,0.01,2.111e-08,2.501,0,1000.0,50.0,450.0,100.0,82.5,74.9
OD-401090-2,OD,401,90,1e+06,7.629e+08,4.688e+06,4.273e-14,0.01,4.343e-07,2.124,0,1000.0,50.0,443.0,50.0,85.0,79.4
OD-520026-2,OD,520,26,1e+06,5.334e+08,2.168e+06,4.542e-14,0.01,1.553e-07,1.845,0,300.0,100.0,121.0,200.0,78.6,72.4
OD-520060-2,OD,520,60,1e+06,8.154e+08,2.976e+06,3.292e-14,0.01,2.111e-08,2.501,0,1000.0,50.0,450.0,100.0,82.5,74.9
OD-521026-2,OD,521,26,1e+06,5.334e+08,2.168e+06,4.542e-14,0.01,1.553e-07,1.845,0,300.0,100.0,121.0,200.0,78.6,72.4
OD-521060-2,OD,521,60,1e+06,8.154e+08,2.976e+06,3.292e-14,0.01,2.111e-08,2.501,0,1000.0,50.0,450.0,100.0,82.5,74.9
OE-014026-8,OE,014,26,1e+06,2.872e+08,2.868e+06,2.365e-14,0.01,3.081e-07,1.754,0,300.0,100.0,145.0,200.0,75.0,68.5
OE-014060-8,OE,014,60,1e+06,6.811e+08,3.796e+06,2.696e-14,0.01,1.076e-07,2.308,0,1000.0,50.0,457.0,100.0,69.2,59.6
OE-014090-8,OE,014,90,1.655e+09,7.086e+08,4.038e+06,2.568e-14,0.01,3.156e-06,1.858,0,1000.0,50.0,431.0,50.0,68.8,61.1
OE-200026-2,OE,200,26,1e+06,2.872e+08,2.868e+06,2.365e-14,0.01,3.081e-07,1.754,0,300.0,100.0,145.0,200.0,75.0,68.5
OE-200060-2,OE,200,60,1e+06,6.811e+08,3.796e+06,2.696e-14,0.01,1.076e-07,2.308,0,1000.0,50.0,457.0,100.0,69.2,59.6
OE-200090-2,OE,200,90,1.655e+09,7.086e+08,4.038e+06,2.568e-14,0.01,3.156e-06,1.858,0,1000.0,50.0,431.0,50.0,68.8,61.1
OE-225026-2,OE,225,26,1e+06,2.872e+08,2.868e+06,2.365e-14,0.01,3.081e-07,1.754,0,300.0,100.0,145.0,200.0,75.0,68.5
OE-225060-2,OE,225,60,1e+06,6.811e+08,3.796e+06,2.696e-14,0.01,1.076e-07,2.308,0,1000.0,50.0,457.0,100.0,69.2,59.6
OE-225090-2,OE,225,90,1.655e+09,7.086e+08,4.038e+06,2.568e-14,0.01,3.156e-06,1.858,0,1000.0,50.0,431.0,50.0,68.8,61.1
OE-226026-2,OE,226,26,1e+06,2.872e+08,2.868e+06,2.365e-14,0.01,3.081e-07,1.754,0,300.0,100.0,145.0,200.0,75.0,68.5
OE-226060-2,OE,226,60,1e+06,6.811e+08,3.796e+06,2.696e-14,0.01,1.076e-07,2.308,0,1000.0,50.0,457.0,100.0,69.2,59.6
OE-226090-2,OE,226,90,1.655e+09,7.086e+08,4.038e+06,2.568e-14,0.01,3.156e-06,1.858,0,1000.0,50.0,431.0,50.0,68.8,61.1
OE-250026-2,OE,250,26,1e+06,2.872e+08,2.868e+06,2.365e-14,0.01,3.081e-07,1.754,0,300.0,100.0,145.0,200.0,75.0,68.5
OE-250060-2,OE,250,60,1e+06,6.811e+08,3.796e+06,2.696e-14,0.01,1.076e-07,2.308,0,1000.0,50.0,457.0,100.0,69.2,59.6
OE-250090-2,OE,250,90,1.655e+09,7.086e+08,4.038e+06,2.568e-14,0.01,3.156e-06,1.858,0,1000.0,50.0,431.0,50.0,68.8,61.1
OE-292026-2,OE,292,26,1e+06,2.872e+08,2.868e+06,2.365e-14,0.01,3.081e-07,1.754,0,300.0,100.0,145.0,200.0,75.0,68.5
OE-292060-2,OE,292,60,1e+06,6.811e+08,3.796e+06,2.696e-14,0.01,1.076e-07,2.308,0,1000.0,50.0,457.0,100.0,69.2,59.6
OE-292090-2,OE,292,90,1.655e+09,7.086e+08,4.038e+06,2.568e-14,0.01,3.156e-06,1.858,0,1000.0,50.0,431.0,50.0,68.8,61.1
OE-300026-2,OE,300,26,1e+06,2.872e+08,2.868e+06,2.365e-14,0.01,3.081e-07,1.754,0,300.0,100.0,145.0,200.0,75.0,68.5
OE-300060-2,OE,300,60,1e+06,6.811e+08,3.796e+06,2.696e-14,0.01,1.076e-07,2.308,0,1000.0,50.0,457.0,100.0,69.2,59.6
OE-300090-2,OE,300,90,1.655e+09,7.086e+08,4.038e+06,2.568e-14,0.01,3.156e-06,1.858,0,1000.0,50.0,431.0,50.0,68.8,61.1
OE-301026-2,OE,301,26,1e+06,2.872e+08,2.868e+06,2.365e-14,0.01,3.081e-07,1.754,0,300.0,100.0,145.0,200.0,75.0,68.5
OE-301060-2,OE,301,60,1e+06,6.811e+08,3.796e+06,2.696e-14,0.01,1.076e-07,2.308,0,1000.0,50.0,457.0,100.0,69.2,59.6
OE-301090-2,OE,301,90,1.655e+09,7.086e+08,4.038e+06,2.568e-14,0.01,3.156e-06,1.858,0,1000.0,50.0,431.0,50.0,68.8,61.1
OE-350026-2,OE,350,26,1e+06,2.872e+08,2.868e+06,2.365e-14,0.01,3.081e-07,1.754,0,300.0,100.0,145.0,200.0,75.0,68.5
OE-350060-2,OE,350,60,1e+06,6.811e+08,3.796e+06,2.696e-14,0.01,1.076e-07,2.308,0,1000.0,50.0,457.0,100.0,69.2,59.6
OE-350090-2,OE,350,90,1.655e+09,7.086e+08,4.038e+06,2.568e-14,0.01,3.156e-06,1.858,0,1000.0,50.0,431.0,50.0,68.8,61.1
OE-400026-2,OE,400,26,1e+06,2.872e+08,2.868e+06,2.365e-14,0.01,3.081e-07,1.754,0,300.0,100.0,145.0,200.0,75.0,68.5
OE-400060-2,OE,400,60,1e+06,6.811e+08,3.796e+06,2.696e-14,0.01,1.076e-07,2.308,0,1000.0,50.0,457.0,100.0,69.2,59.6
OE-400090-2,OE,400,90,1.655e+09,7.086e+08,4.038e+06,2.568e-14,0.01,3.156e-06,1.858,0,1000.0,50.0,431.0,50.0,68.8,61.1
OE-401026-2,OE,401,26,1e+06,2.872e+08,2.868e+06,2.365e-14,0.01,3.081e-07,1.754,0,300.0,100.0,145.0,200.0,75.0,68.5
OE-401060-2,OE,401,60,1e+06,6.811e+08,3.796e+06,2.696e-14,0.01,1.076e-07,2.308,0,1000.0,50.0,457.0,100.0,69.2,59.6
OE-401090-2,OE,401,90,1.655e+09,7.086e+08,4.038e+06,2.568e-14,0.01,3.156e-06,1.858,0,1000.0,50.0,431.0,50.0,68.8,61.1
OE-520026-2,OE,520,26,1e+06,3.569e+08,8.58e+06,4.192e-14,0.01,7.206e-07,1.66,0,300.0,100.0,108.0,200.0,67.8,60.9
OE-520060-2,OE,520,60,1e+06,6.811e+08,3.796e+06,2.696e-14,0.01,1.076e-07,2.308,0,1000.0,50.0,457.0,100.0,69.2,59.6
OE-521026-2,OE,521,26,1e+06,3.569e+08,8.58e+06,4.192e-14,0.01,7.206e-07,1.66,0,300.0,100.0,108.0,200.0,67.8,60.9
OE-521060-2,OE,521,60,1e+06,6.811e+08,3.796e+06,2.696e-14,0.01,1.076e-07,2.308,0,1000.0,50.0,457.0,100.0,69.2,59.6
SH-014026-8,SH,014,26,1e+06,3.287e+08,5.779e+06,1.24e-14,0.01,1.042e-06,1.701,0,500.0,100.0,277.0,200.0,53.9,46.1
SH-014060-8,SH,014,60,1e+06,8.801e+08,5.421e+06,1.033e-14,0.01,7.724e-06,1.612,0,1000.0,50.0,317.0,100.0,43.6,36.5
SH-014125-8,SH,014,125,7.985e+09,1.378e+09,4.041e+06,7.891e-15,0.01,3.265e-05,1.587,0,1000.0,50.0,240.0,40.0,46.8,39.7
SH-015125-8,SH,015,125,7.985e+09,1.378e+09,4.041e+06,7.891e-15,0.01,3.265e-05,1.587,0,1000.0,50.0,240.0,40.0,46.8,39.7
SH-018125-8,SH,018,125,7.985e+09,1.378e+09,4.041e+06,7.891e-15,0.01,3.265e-05,1.587,0,1000.0,50.0,240.0,40.0,46.8,39.7
SH-025125-8,SH,025,125,7.985e+09,1.378e+09,4.041e+06,7.891e-15,0.01,3.265e-05,1.587,0,1000.0,50.0,240.0,40.0,46.8,39.7
SH-026125-8,SH,026,125,7.985e+09,1.378e+09,4.041e+06,7.891e-15,0.01,3.265e-05,1.587,0,1000.0,50.0,240.0,40.0,46.8,39.7
SH-027125-8,SH,027,125,7.985e+09,1.378e+09,4.041e+06,7.891e-15,0.01,3.265e-05,1.587,0,1000.0,50.0,240.0,40.0,46.8,39.7
SH-028125-8,SH,028,125,7.985e+09,1.378e+09,4.041e+06,7.891e-15,0.01,3.265e-05,1.587,0,1000.0,50.0,240.0,40.0,46.8,39.7
SH-031125-8,SH,031,125,7.985e+09,1.378e+09,4.041e+06,7.891e-15,0.01,3.265e-05,1.587,0,1000.0,50.0,240.0,40.0,46.8,39.7
SH-038125-8,SH,038,125,7.985e+09,1.378e+09,4.041e+06,7.891e-15,0.01,3.265e-05,1.587,0,1000.0,50.0,240.0,40.0,46.8,39.7
SH-039125-8,SH,039,125,7.985e+09,1.378e+09,4.041e+06,7.891e-15,0.01,3.265e-05,1.587,0,1000.0,50.0,240.0,40.0,46.8,39.7
SH-040125-2,SH,040,125,7.985e+09,1.378e+09,4.041e+06,7.891e-15,0.01,3.265e-05,1.587,0,1000.0,50.0,240.0,40.0,46.8,39.7
SH-044125-2,SH,044,125,7.985e+09,1.378e+09,4.041e+06,7.891e-15,0.01,3.265e-05,1.587,0,1000.0,50.0,240.0,40.0,46.8,39.7
SH-050125-2,SH,050,125,7.985e+09,1.378e+09,4.041e+06,7.891e-15,0.01,3.265e-05,1.587,0,1000.0,50.0,240.0,40.0,46.8,39.7
SH-065125-2,SH,065,125,7.985e+09,1.378e+09,4.041e+06,7.891e-15,0.01,3.265e-05,1.587,0,1000.0,50.0,240.0,40.0,46.8,39.7
SH-068125-2,SH,068,125,7.985e+09,1.378e+09,4.041e+06,7.891e-15,0.01,3.265e-05,1.587,0,1000.0,50.0,240.0,40.0,46.8,39.7
SH-080125-2,SH,080,125,7.985e+09,1.378e+09,4.041e+06,7.891e-15,0.01,3.265e-05,1.587,0,1000.0,50.0,240.0,40.0,46.8,39.7
SH-090125-2,SH,090,125,7.985e+09,1.378e+09,4.041e+06,7.891e-15,0.01,3.265e-05,1.587,0,1000.0,50.0,240.0,40.0,46.8,39.7
SH-092125-2,SH,092,125,7.985e+09,1.378e+09,4.041e+06,7.891e-15,0.01,3.265e-05,1.587,0,1000.0,50.0,240.0,40.0,46.8,39.7
SH-106125-2,SH,106,125,7.985e+09,1.378e+09,4.041e+06,7.891e-15,0.01,3.265e-05,1.587,0,1000.0,50.0,240.0,40.0,46.8,39.7
SH-107125-2,SH,107,125,7.985e+09,1.378e+09,4.041e+06,7.891e-15,0.01,3.265e-05,1.587,0,1000.0,50.0,240.0,40.0,46.8,39.7
SH-108125-2,SH,108,125,7.985e+09,1.378e+09,4.041e+06,7.891e-15,0.01,3.265e-05,1.587,0,1000.0,50.0,240.0,40.0,46.8,39.7
SH-109125-2,SH,109,125,7.985e+09,1.378e+09,4.041e+06,7.891e-15,0.01,3.265e-05,1.587,0,1000.0,50.0,240.0,40.0,46.8,39.7
SH-130125-2,SH,130,125,7.985e+09,1.378e+09,4.041e+06,7.891e-15,0.01,3.265e-05,1.587,0,1000.0,50.0,240.0,40.0,46.8,39.7
SH-131125-2,SH,131,125,7.985e+09,1.378e+09,4.041e+06,7.891e-15,0.01,3.265e-05,1.587,0,1000.0,50.0,240.0,40.0,46.8,39.7
SH-132125-2,SH,132,125,7.985e+09,1.378e+09,4.041e+06,7.891e-15,0.01,3.265e-05,1.587,0,1000.0,50.0,240.0,40.0,46.8,39.7
SH-133125-2,SH,133,125,7.985e+09,1.378e+09,4.041e+06,7.891e-15,0.01,3.265e-05,1.587,0,1000.0,50.0,240.0,40.0,46.8,39.7
SH-134125-2,SH,134,125,7.985e+09,1.378e+09,4.041e+06,7.891e-15,0.01,3.265e-05,1.587,0,1000.0,50.0,240.0,40.0,46.8,39.7
SH-135125-2,SH,135,125,7.985e+09,1.378e+09,4.041e+06,7.891e-15,0.01,3.265e-05,1.587,0,1000.0,50.0,240.0,40.0,46.8,39.7
SH-141125-2,SH,141,125,7.985e+09,1.378e+09,4.041e+06,7.891e-15,0.01,3.265e-05,1.587,0,1000.0,50.0,240.0,40.0,46.8,39.7
SH-157125-2,SH,157,125,7.985e+09,1.378e+09,4.041e+06,7.891e-15,0.01,3.265e-05,1.587,0,1000.0,50.0,240.0,40.0,46.8,39.7
SH-184125-2,SH,184,125,7.985e+09,1.378e+09,4.041e+06,7.891e-15,0.01,3.265e-05,1.587,0,1000.0,50.0,240.0,40.0,46.8,39.7
SH-185125-2,SH,185,125,7.985e+09,1.378e+09,4.041e+06,7.891e-15,0.01,3.265e-05,1.587,0,1000.0,50.0,240.0,40.0,46.8,39.7
SH-200026-2,SH,200,26,1e+06,3.287e+08,5.779e+06,1.24e-14,0.01,1.042e-06,1.701,0,500.0,100.0,277.0,200.0,53.9,46.1
SH-200060-2,SH,200,60,1e+06,8.801e+08,5.421e+06,1.033e-14,0.01,7.724e-06,1.612,0,1000.0,50.0,317.0,100.0,43.6,36.5
SH-200125-2,SH,200,125,7.985e+09,1.378e+09,4.041e+06,7.891e-15,0.01,3.265e-05,1.587,0,1000.0,50.0,240.0,40.0,46.8,39.7
SH-225026-2,SH,225,26,1e+06,3.287e+08,5.779e+06,1.24e-14,0.01,1.042e-06,1.701,0,500.0,100.0,277.0,200.0,53.9,46.1
SH-225060-2,SH,225,60,1e+06,8.801e+08,5.421e+06,1.033e-14,0.01,7.724e-06,1.612,0,1000.0,50.0,317.0,100.0,43.6,36.5
SH-225125-2,SH,225,125,7.985e+09,1.378e+09,4.041e+06,7.891e-15,0.01,3.265e-05,1.587,0,1000.0,50.0,240.0,40.0,46.8,39.7
SH-226026-2,SH,226,26,1e+06,3.287e+08,5.779e+06,1.24e-14,0.01,1.042e-06,1.701,0,500.0,100.0,277.0,200.0,53.9,46.1
SH-226060-2,SH,226,60,1e+06,8.801e+08,5.421e+06,1.033e-14,0.01,7.724e-06,1.612,0,1000.0,50.0,317.0,100.0,43.6,36.5
SH-226125-2,SH,226,125,7.985e+09,1.378e+09,4.041e+06,7.891e-15,0.01,3.265e-05,1.587,0,1000.0,50.0,240.0,40.0,46.8,39.7
SH-250026-2,SH,250,26,1e+06,3.287e+08,5.779e+06,1.24e-14,0.01,1.042e-06,1.701,0,500.0,100.0,277.0,200.0,53.9,46.1
SH-250060-2,SH,250,60,1e+06,8.801e+08,5.421e+06,1.033e-14,0.01,7.724e-06,1.612,0,1000.0,50.0,317.0,100.0,43.6,36.5
SH-250125-2,SH,250,125,7.985e+09,1.378e+09,4.041e+06,7.891e-15,0.01,3.265e-05,1.587,0,1000.0,50.0,240.0,40.0,46.8,39.7
SH-292026-2,SH,292,26,1e+06,3.287e+08,5.779e+06,1.24e-14,0.01,1.042e-06,1.701,0,500.0,100.0,277.0,200.0,53.9,46.1
SH-292060-2,SH,292,60,1e+06,8.801e+08,5.421e+06,1.033e-14,0.01,7.724e-06,1.612,0,1000.0,50.0,317.0,100.0,43.6,36.5
SH-292125-2,SH,292,125,7.985e+09,1.378e+09,4.041e+06,7.891e-15,0.01,3.265e-05,1.587,0,1000.0,50.0,240.0,40.0,46.8,39.7
SH-300026-2,SH,300,26,1e+06,3.287e+08,5.779e+06,1.24e-14,0.01,1.042e-06,1.701,0,500.0,100.0,277.0,200.0,53.9,46.1
SH-300060-2,SH,300,60,1e+06,8.801e+08,5.421e+06,1.033e-14,0.01,7.724e-06,1.612,0,1000.0,50.0,317.0,100.0,43.6,36.5
SH-300125-2,SH,300,125,7.985e+09,1.378e+09,4.041e+06,7.891e-15,0.01,3.265e-05,1.587,0,1000.0,50.0,240.0,40.0,46.8,39.7
SH-301026-2,SH,301,26,1e+06,3.287e+08,5.779e+06,1.24e-14,0.01,1.042e-06,1.701,0,500.0,100.0,277.0,200.0,53.9,46.1
SH-301060-2,SH,301,60,1e+06,8.801e+08,5.421e+06,1.033e-14,0.01,7.724e-06,1.612,0,1000.0,50.0,317.0,100.0,43.6,36.5
SH-301125-2,SH,301,125,7.985e+09,1.378e+09,4.041e+06,7.891e-15,0.01,3.265e-05,1.587,0,1000.0,50.0,240.0,40.0,46.8,39.7
SH-350026-2,SH,350,26,1e+06,3.287e+08,5.779e+06,1.24e-14,0.01,1.042e-06,1.701,0,500.0,100.0,277.0,200.0,53.9,46.1
SH-350060-2,SH,350,60,1e+06,8.801e+08,5.421e+06,1.033e-14,0.01,7.724e-06,1.612,0,1000.0,50.0,317.0,100.0,43.6,36.5
SH-350125-2,SH,350,125,7.985e+09,1.378e+09,4.041e+06,7.891e-15,0.01,3.265e-05,1.587,0,1000.0,50.0,240.0,40.0,46.8,39.7
SH-400026-2,SH,400,26,1e+06,3.287e+08,5.779e+06,1.24e-14,0.01,1.042e-06,1.701,0,500.0,100.0,277.0,200.0,53.9,46.1
SH-400060-2,SH,400,60,1e+06,8.801e+08,5.421e+06,1.033e-14,0.01,7.724e-06,1.612,0,1000.0,50.0,317.0,100.0,43.6,36.5
SH-400125-2,SH,400,125,7.985e+09,1.378e+09,4.041e+06,7.891e-15,0.01,3.265e-05,1.587,0,1000.0,50.0,240.0,40.0,46.8,39.7
SH-401026-2,SH,401,26,1e+06,3.287e+08,5.779e+06,1.24e-14,0.01,1.042e-06,1.701,0,500.0,100.0,277.0,200.0,53.9,46.1
SH-401060-2,SH,401,60,1e+06,8.801e+08,5.421e+06,1.033e-14,0.01,7.724e-06,1.612,0,1000.0,50.0,317.0,100.0,43.6,36.5
SH-401125-2,SH,401,125,7.985e+09,1.378e+09,4.041e+06,7.891e-15,0.01,3.265e-05,1.587,0,1000.0,50.0,240.0,40.0,46.8,39.7
