,,,,,%Perm vs. DC Sat. Coef.,,,,Core Loss Coefficients,,,,%Perm. vs. AC Flux Density Coefficients,,,,,,Perm vs. Frequency Coefficients,,,,B vs H Coefficients,,,,,,T expressed in Celsius,,,
Material,PartType,Init. Perm. (µ),Bsat(G),Density(g/cm³),a,b,c,d,a,b,c,d,a,b,c,d,e,f,a,b,c,d,a,b,c,d,e,a,b,c,d,e
1,T.E,20,17300,6.3,1.000E-02,1.141E-06,1.425E+00,0.000E+00,1.900E+09,2.000E+08,9.000E+05,4.300E-15,3.499E+02,3.780E-01,1.029E+00,1.764E+10,-1.976E+00,1.398E+02,2.188E-01,1.980E-07,6.640E-01,1.543E+01,3.227E-02,1.702E+00,3.597E+01,6.398E-01,8.650E+02,280,,,,
2,T.E,10,14806,5.0,1.000E-02,1.832E-07,1.462E+00,0.000E+00,4.000E+09,3.000E+08,2.700E+06,9.600E-16,1.573E+03,4.500E-01,1.246E+00,1.156E+17,-3.704E+00,1.068E+02,1.111E-01,7.012E-11,9.000E-01,1.000E+00,1.498E-03,1.961E+00,1.969E+04,9.178E-04,1.481E+03,95,,,,
3,T.E,35,17636,6.5,1.000E-02,3.494E-06,1.425E+00,0.000E+00,1.900E+09,2.000E+08,9.000E+05,4.300E-15,3.499E+02,3.780E-01,1.029E+00,1.764E+10,-1.976E+00,1.398E+02,1.266E-01,1.975E-07,6.635E-01,2.704E+01,4.107E-02,1.753E+00,3.644E+01,5.641E-01,5.039E+02,255,,,,
6,T.E,8.5,14400,4.8,1.000E-02,4.870E-08,1.569E+00,0.000E+00,4.000E+09,3.000E+08,2.700E+06,8.900E-16,1.573E+03,4.500E-01,1.246E+00,1.156E+17,-3.704E+00,1.068E+02,1.333E-01,7.012E-11,9.000E-01,1.000E+00,1.281E-03,1.961E+00,2.301E+04,9.187E-04,1.694E+03,35,,,,
7,T.E,9,14600,4.9,1.000E-02,1.484E-07,1.462E+00,0.000E+00,4.000E+09,3.000E+08,2.700E+06,9.600E-16,1.573E+03,4.500E-01,1.246E+00,1.156E+17,-3.704E+00,1.068E+02,1.250E-01,7.012E-11,9.000E-01,1.000E+00,1.354E-03,1.961E+00,2.190E+04,9.184E-04,1.622E+03,30,,,,
8,T.E,35,17636,6.5,1.000E-02,3.494E-06,1.425E+00,0.000E+00,1.900E+09,2.000E+08,9.000E+05,5.000E-15,3.499E+02,3.780E-01,1.029E+00,1.764E+10,-1.976E+00,1.398E+02,1.266E-01,1.975E-07,6.635E-01,2.704E+01,4.362E-02,1.741E+00,3.259E+01,5.858E-01,5.039E+02,255,,,,
10,T.E,6,13800,4.5,1.000E-02,5.536E-09,1.692E+00,0.000E+00,4.000E+09,3.000E+08,2.700E+06,8.000E-16,1.573E+03,4.500E-01,1.246E+00,1.156E+17,-3.704E+00,1.068E+02,2.000E-01,7.012E-11,9.000E-01,1.000E+00,9.127E-04,1.962E+00,3.832E+04,9.232E-04,2.300E+03,150,,,,
14,T.E,14,15198,5.2,1.000E-02,3.902E-07,1.459E+00,0.000E+00,4.000E+09,3.000E+08,2.700E+06,1.920E-15,1.573E+03,4.500E-01,1.246E+00,1.156E+17,-3.704E+00,1.068E+02,8.670E-02,1.449E-15,1.521E+00,2.472E+00,2.896E-03,1.905E+00,5.256E+02,4.969E-01,1.086E+03,150,,,,
15,T.E,25,17454,6.4,1.000E-02,1.783E-06,1.425E+00,0.000E+00,1.900E+09,2.000E+08,9.000E+05,5.000E-15,3.499E+02,3.780E-01,1.029E+00,1.764E+10,-1.976E+00,1.398E+02,1.750E-01,1.980E-07,6.640E-01,1.929E+01,3.184E-02,1.752E+00,4.228E+01,5.673E-01,6.982E+02,190,,,,
17,T.E,4,12800,4.0,1.000E-02,1.340E-08,1.548E+00,0.000E+00,4.000E+09,3.000E+08,2.700E+06,4.400E-16,1.573E+03,4.500E-01,1.246E+00,1.156E+17,-3.704E+00,1.068E+02,3.333E-01,7.012E-11,9.000E-01,1.000E+00,4.509E-04,2.025E+00,9.965E+08,1.578E-01,3.200E+03,50,,,,
18,T.E,55,17816,6.6,1.000E-02,4.718E-06,1.651E+00,0.000E+00,8.000E+08,1.700E+08,9.000E+05,3.100E-14,1.842E+02,2.450E-01,9.673E-01,3.530E+10,-2.055E+00,2.207E+02,1.818E-02,1.700E-11,1.110E+00,0.000E+00,6.807E-02,1.925E+00,3.253E+01,5.274E-01,3.239E+02,385,,,,
19,T.E,55,18174,6.8,1.000E-02,3.603E-06,1.688E+00,0.000E+00,1.900E+09,8.400E+07,2.100E+06,5.000E-14,1.842E+02,2.450E-01,9.673E-01,3.530E+10,-2.055E+00,2.207E+02,1.818E-02,4.500E-11,1.110E+00,0.000E+00,7.240E-02,1.916E+00,2.807E+01,5.507E-01,3.304E+02,650,,,,
26,T.E,75,18529,7.0,1.000E-02,9.705E-06,1.720E+00,0.000E+00,1.000E+09,1.100E+08,1.900E+06,1.900E-13,1.316E+02,5.710E-01,8.962E-01,1.448E+23,-5.118E+00,4.139E+02,1.462E-02,4.128E-08,8.475E-01,7.148E+00,1.870E-01,2.078E+00,7.124E+01,4.315E-01,2.471E+02,825,,,,
30,T.E,22,16719,6.0,1.000E-02,4.102E-06,1.341E+00,0.000E+00,3.300E+08,2.000E+07,2.000E+06,1.100E-13,3.406E+02,1.311E+00,1.044E+00,6.061E+08,-1.627E+00,1.412E+02,6.630E-02,4.200E-09,9.547E-01,6.935E+00,1.867E-01,1.515E+00,7.608E+00,8.052E-01,7.600E+02,510,,,,
34,T.E,33,17089,6.2,1.000E-02,2.999E-06,1.543E+00,0.000E+00,1.100E+09,3.300E+07,2.500E+06,7.700E-14,2.528E+02,1.553E+00,9.064E-01,1.079E+12,-2.435E+00,1.649E+02,4.720E-02,2.392E-09,9.837E-01,1.182E+01,1.852E-01,1.595E+00,9.517E+00,7.994E-01,5.178E+02,565,,,,
35,T.E,33,17272,6.3,1.000E-02,6.216E-06,1.384E+00,0.000E+00,3.700E+08,2.200E+07,2.200E+06,1.100E-13,2.528E+02,1.553E+00,9.064E-01,1.079E+12,-2.435E+00,1.649E+02,4.180E-02,7.094E-09,9.411E-01,9.128E+00,1.811E-01,1.602E+00,9.753E+00,7.909E-01,5.234E+02,665,,,,
38,T.E,85,18705,7.1,1.000E-02,9.782E-06,1.757E+00,0.000E+00,1.200E+09,1.300E+08,1.900E+06,3.200E-13,1.172E+02,1.857E+00,6.541E-01,4.702E+14,-2.963E+00,5.784E+02,1.279E-02,1.045E-07,7.712E-01,7.711E+00,2.176E-01,2.000E+00,3.406E+01,6.465E-01,2.201E+02,956,,,,
40,T.E,60,18352,6.9,1.000E-02,8.933E-06,1.614E+00,0.000E+00,1.100E+09,3.300E+07,2.500E+06,3.100E-13,1.322E+02,7.790E-01,8.574E-01,6.948E+14,-3.017E+00,3.928E+02,1.859E-02,5.977E-08,8.227E-01,6.639E+00,1.882E-01,1.980E+00,3.204E+01,6.647E-01,3.059E+02,950,,,,
45,T.E,100,18880,7.2,1.000E-02,2.438E-05,1.607E+00,0.000E+00,1.200E+09,1.300E+08,2.400E+06,1.200E-13,1.126E+02,2.156E+00,6.621E-01,5.493E+15,-3.220E+00,6.243E+02,1.088E-02,6.491E-09,8.904E-01,8.434E+00,3.063E-01,2.057E+00,3.921E+01,5.950E-01,1.888E+02,1043,,,,
52,T.E,75,18529,7.0,1.000E-02,4.657E-06,1.841E+00,0.000E+00,1.000E+09,1.100E+08,2.100E+06,6.900E-14,1.337E+02,1.200E+00,7.763E-01,4.301E+21,-4.804E+00,3.741E+02,1.502E-02,5.374E-09,9.200E-01,8.584E+00,1.976E-01,1.963E+00,6.121E+01,4.175E-01,2.471E+02,650,,,,
60,T.E,55,14377,6.1,1.000E-02,1.942E-05,1.362E+00,0.000E+00,5.300E+08,1.400E+08,1.200E+06,2.700E-14,2.092E+02,8.713E-01,9.329E-01,1.437E+11,-2.274E+00,1.861E+02,1.855E-02,2.958E-10,1.001E+00,1.000E+00,1.567E-01,1.812E+00,1.409E+01,6.434E-01,2.614E+02,168,,,,
61,T.E,38,14377,6.1,1.000E-02,7.601E-06,1.388E+00,0.000E+00,4.000E+08,1.100E+08,5.100E+05,2.400E-14,1.973E+02,3.667E+00,5.890E-01,5.720E+11,-2.449E+00,1.905E+02,2.941E-02,2.958E-10,1.001E+00,1.000E+00,8.801E-02,1.687E+00,2.243E+01,6.331E-01,4.108E+02,-418,,,,
63,T.E,35,14061,5.9,1.000E-02,1.290E-05,1.243E+00,0.000E+00,9.940E+08,2.560E+08,1.000E+04,3.340E-15,5.036E+02,1.059E-01,1.393E+00,5.712E+11,-2.430E+00,1.252E+02,1.266E-01,1.975E-07,6.635E-01,2.704E+01,6.648E-02,1.645E+00,1.843E+01,7.043E-01,4.017E+02,-313,,,,
65,T.E,42,15978,6.1,1.000E-02,6.159E-06,1.498E+00,0.000E+00,6.900E+09,6.000E+07,1.100E+06,2.500E-14,1.973E+02,3.667E+00,5.890E-01,5.720E+11,-2.449E+00,1.905E+02,3.040E-02,7.094E-09,9.411E-01,9.128E+00,9.228E-02,1.717E+00,2.392E+01,5.704E-01,3.804E+02,-80,,,,
66,T.E,66,16152,6.2,1.000E-02,1.231E-05,1.484E+00,0.000E+00,1.720E+10,4.957E+07,1.228E+06,1.735E-14,1.913E+02,2.786E-01,9.696E-01,1.541E+13,-2.759E+00,2.096E+02,1.617E-02,2.457E-12,1.271E+00,4.200E+00,6.848E-02,2.002E+00,3.716E+01,4.514E-01,2.447E+02,-220,,,,
70,T.E,100,8594,7.4,1.000E-02,1.853E-05,1.641E+00,0.000E+00,1.000E+10,1.300E+09,7.900E+06,4.200E-14,6.295E+02,4.102E+00,6.205E-01,1.764E+10,-2.071E+00,1.191E+02,1.010E-02,7.012E-09,8.282E-01,1.000E+00,2.750E-02,1.851E+00,1.402E+09,2.268E-04,8.594E+01,216,,,,
FS,B,14,15315,5.7,1.000E-02,6.294E-07,1.489E+00,0.000E+00,1.000E+06,2.031E+08,3.145E+06,2.041E-15,1.668E+03,2.284E-01,1.451E+00,1.607E+15,-3.264E+00,1.064E+02,7.143E-02,1.025E-10,1.078E+00,0.000E+00,4.225E-03,1.879E+00,3.992E+02,3.453E-01,1.094E+03,-0.3655654,-1.10E-02,3.16E-02,2.07E-04,-7.15E-04
FS,B,26,16766,5.9,1.000E-02,9.592E-07,1.553E+00,0.000E+00,1.000E+06,1.699E+08,3.117E+06,6.335E-14,9.117E+02,4.895E-01,1.127E+00,1.706E+11,-2.218E+00,1.123E+02,3.846E-02,1.025E-10,1.078E+00,0.000E+00,1.371E-02,1.720E+00,9.255E+01,6.327E-01,6.449E+02,-0.4431086,-1.10E-02,3.83E-02,2.07E-04,-8.67E-04
FS,B,40,17294,6.3,1.000E-02,1.534E-06,1.619E+00,0.000E+00,1.000E+06,3.482E+08,4.063E+06,2.798E-14,5.873E+02,3.622E-01,1.073E+00,1.217E+10,-1.934E+00,1.205E+02,2.500E-02,1.025E-10,1.078E+00,0.000E+00,1.736E-02,1.716E+00,9.614E+01,7.162E-01,4.324E+02,-0.5405795,-1.10E-02,4.67E-02,2.07E-04,-1.06E-03
FS,B,60,17642,6.6,1.000E-02,4.052E-06,1.571E+00,0.000E+00,1.000E+06,5.890E+08,2.163E+06,2.429E-14,5.873E+02,3.622E-01,1.073E+00,1.217E+10,-1.934E+00,1.205E+02,1.667E-02,1.025E-10,1.078E+00,0.000E+00,3.867E-02,1.688E+00,3.957E+01,6.206E-01,2.940E+02,-0.6757421,-1.10E-02,5.84E-02,2.07E-04,-1.32E-03
FS,E,14,15315,5.7,1.000E-02,6.294E-07,1.489E+00,0.000E+00,1.000E+06,2.031E+08,3.145E+06,2.041E-15,1.668E+03,2.284E-01,1.451E+00,1.607E+15,-3.264E+00,1.064E+02,7.143E-02,1.025E-10,1.078E+00,0.000E+00,4.225E-03,1.879E+00,3.992E+02,3.453E-01,1.094E+03,-0.3655654,-1.10E-02,3.16E-02,2.07E-04,-7.15E-04
FS,E,26,16766,5.9,1.000E-02,9.592E-07,1.553E+00,0.000E+00,1.000E+06,1.699E+08,3.117E+06,6.335E-14,9.117E+02,4.895E-01,1.127E+00,1.706E+11,-2.218E+00,1.123E+02,3.846E-02,1.025E-10,1.078E+00,0.000E+00,1.371E-02,1.720E+00,9.255E+01,6.327E-01,6.449E+02,-0.4431086,-1.10E-02,3.83E-02,2.07E-04,-8.67E-04
FS,E,40,17294,6.4,1.250E-02,1.927E-06,1.618E+00,1.999E+01,1.000E+06,3.482E+08,4.063E+06,2.798E-14,5.873E+02,3.622E-01,1.073E+00,1.217E+10,-1.934E+00,1.205E+02,2.500E-02,1.025E-10,1.078E+00,0.000E+00,1.736E-02,1.716E+00,9.614E+01,7.162E-01,4.324E+02,-0.5405795,-1.10E-02,4.67E-02,2.07E-04,-1.06E-03
FS,E,60,17642,6.8,1.166E-02,4.413E-06,1.571E+00,1.429E+01,1.000E+06,5.890E+08,2.163E+06,2.429E-14,5.873E+02,3.622E-01,1.073E+00,1.217E+10,-1.934E+00,1.205E+02,1.667E-02,1.025E-10,1.078E+00,0.000E+00,3.867E-02,1.688E+00,3.957E+01,6.206E-01,2.940E+02,-0.6757421,-1.10E-02,5.84E-02,2.07E-04,-1.32E-03
FS,EQ,26,16766,5.5,1.000E-02,1.088E-06,1.501E+00,0.000E+00,1.000E+06,1.717E+08,3.112E+06,4.388E-14,9.117E+02,4.895E-01,1.127E+00,1.706E+11,-2.218E+00,1.123E+02,3.846E-02,1.025E-10,1.078E+00,0.000E+00,1.371E-02,1.720E+00,9.255E+01,6.327E-01,6.449E+02,-0.4431086,-1.10E-02,3.83E-02,2.07E-04,-8.67E-04
FS,EQ,40,17294,5.7,1.000E-02,2.722E-06,1.515E+00,0.000E+00,1.000E+06,2.974E+08,2.777E+06,4.564E-14,5.873E+02,3.622E-01,1.073E+00,1.217E+10,-1.934E+00,1.205E+02,2.500E-02,1.025E-10,1.078E+00,0.000E+00,1.736E-02,1.716E+00,9.614E+01,7.162E-01,4.324E+02,-0.5405795,-1.10E-02,4.67E-02,2.07E-04,-1.06E-03
FS,EQ,60,17642,6.3,1.000E-02,1.713E-06,1.664E+00,0.000E+00,1.000E+06,6.136E+08,6.143E+04,2.667E-14,5.873E+02,3.622E-01,1.073E+00,1.217E+10,-1.934E+00,1.205E+02,1.667E-02,1.025E-10,1.078E+00,0.000E+00,3.867E-02,1.688E+00,3.957E+01,6.206E-01,2.940E+02,-0.6757421,-1.10E-02,5.84E-02,2.07E-04,-1.32E-03
FS,PQ,26,16766,5.5,1.000E-02,2.030E-06,1.413E+00,0.000E+00,1.000E+06,1.685E+08,1.469E+06,1.553E-14,9.117E+02,4.895E-01,1.127E+00,1.706E+11,-2.218E+00,1.123E+02,3.846E-02,1.025E-10,1.078E+00,0.000E+00,1.371E-02,1.720E+00,9.255E+01,6.327E-01,6.449E+02,-0.4431086,-1.10E-02,3.83E-02,2.07E-04,-8.67E-04
FS,PQ,40,17294,5.7,1.000E-02,4.036E-06,1.451E+00,0.000E+00,1.000E+06,2.948E+08,1.018E+06,1.762E-14,5.873E+02,3.622E-01,1.073E+00,1.217E+10,-1.934E+00,1.205E+02,2.500E-02,1.025E-10,1.078E+00,0.000E+00,1.736E-02,1.716E+00,9.614E+01,7.162E-01,4.324E+02,-0.5405795,-1.10E-02,4.67E-02,2.07E-04,-1.06E-03
FS,PQ,60,17642,6.3,1.000E-02,2.564E-06,1.665E+00,0.000E+00,1.000E+06,5.109E+08,5.968E+05,2.184E-14,5.873E+02,3.622E-01,1.073E+00,1.217E+10,-1.934E+00,1.205E+02,1.667E-02,1.025E-10,1.078E+00,0.000E+00,3.867E-02,1.688E+00,3.957E+01,6.206E-01,2.940E+02,-0.6757421,-1.10E-02,5.84E-02,2.07E-04,-1.32E-03
FS,T,14,15315,5.5,1.000E-02,2.600E-07,1.557E+00,0.000E+00,1.000E+06,6.131E+07,2.047E+06,6.095E-14,1.668E+03,2.284E-01,1.451E+00,1.607E+15,-3.264E+00,1.064E+02,7.143E-02,1.025E-10,1.078E+00,0.000E+00,4.225E-03,1.879E+00,3.992E+02,3.453E-01,1.094E+03,-0.3655654,-1.10E-02,3.16E-02,2.07E-04,-7.15E-04
FS,T(OD=5.22-7.75 in),14,15315,5.5,1.000E-02,5.273E-07,1.418E+00,0.000E+00,1.000E+06,2.165E+08,3.644E+06,4.961E-14,1.668E+03,2.284E-01,1.451E+00,1.607E+15,-3.264E+00,1.064E+02,7.143E-02,1.025E-10,1.078E+00,0.000E+00,4.225E-03,1.879E+00,3.992E+02,3.453E-01,1.094E+03,-0.3655654,-1.10E-02,3.16E-02,2.07E-04,-7.15E-04
FS,T,26,16766,6.3,1.000E-02,9.210E-08,1.912E+00,0.000E+00,1.000E+06,1.812E+08,3.251E+06,6.158E-14,9.117E+02,4.895E-01,1.127E+00,1.706E+11,-2.218E+00,1.123E+02,3.846E-02,1.025E-10,1.078E+00,0.000E+00,1.371E-02,1.720E+00,9.255E+01,6.327E-01,6.449E+02,-0.4431086,-0.0110363,3.83E-02,2.07E-04,-8.67E-04
FS,T(OD=5.22-7.75 in),26,16370,6.1,1.000E-02,7.876E-07,1.562E+00,0.000E+00,3.903E+07,3.722E+08,2.806E+06,6.252E-14,9.117E+02,4.895E-01,1.127E+00,1.706E+11,-2.218E+00,1.123E+02,3.846E-02,1.025E-10,1.078E+00,0.000E+00,1.371E-02,1.720E+00,9.255E+01,6.327E-01,6.296E+02,-0.4431086,-1.10E-02,3.83E-02,2.07E-04,-8.67E-04
FS,T,40,17294,6.6,1.000E-02,6.314E-08,2.151E+00,0.000E+00,1.000E+06,3.071E+08,3.524E+06,5.634E-14,5.873E+02,3.622E-01,1.073E+00,1.217E+10,-1.934E+00,1.205E+02,2.500E-02,1.025E-10,1.078E+00,0.000E+00,1.736E-02,1.716E+00,9.614E+01,7.162E-01,4.324E+02,-0.5405795,-1.10E-02,4.67E-02,2.07E-04,-1.06E-03
FS,T,60,17642,6.8,1.000E-02,1.949E-07,2.099E+00,0.000E+00,1.000E+06,3.903E+08,3.785E+06,5.229E-14,5.873E+02,3.622E-01,1.073E+00,1.217E+10,-1.934E+00,1.205E+02,1.667E-02,1.025E-10,1.078E+00,0.000E+00,3.867E-02,1.688E+00,3.957E+01,6.206E-01,2.940E+02,-0.6757421,-1.10E-02,0.0583701,2.07E-04,-1.32E-03
FS,T(OD=4.00-4.00 in),60,17642,6.8,1.000E-02,3.842E-07,2.008E+00,0.000E+00,1.000E+06,3.903E+08,3.785E+06,5.229E-14,5.873E+02,3.622E-01,1.073E+00,1.217E+10,-1.934E+00,1.205E+02,1.667E-02,1.025E-10,1.078E+00,0.000E+00,3.867E-02,1.688E+00,3.957E+01,6.206E-01,2.940E+02,-0.6757421,-1.10E-02,0.0583701,2.07E-04,-1.32E-03
FS,T(OD=5.22-7.75 in),60,17642,6.8,1.000E-02,3.374E-06,1.620E+00,0.000E+00,7.643E+08,4.515E+08,1.118E+06,4.367E-14,5.873E+02,3.622E-01,1.073E+00,1.217E+10,-1.934E+00,1.205E+02,1.667E-02,1.025E-10,1.078E+00,0.000E+00,3.867E-02,1.688E+00,3.957E+01,6.206E-01,2.940E+02,-0.6757421,-1.10E-02,0.0583701,2.07E-04,-1.32E-03
FS,T,75,17815,6.9,1.000E-02,3.486E-06,1.682E+00,0.000E+00,1.883E+08,5.098E+08,1.162E+06,5.024E-14,5.730E+02,3.605E-01,1.070E+00,1.294E+10,-1.944E+00,1.211E+02,1.333E-02,1.025E-10,1.078E+00,0.000E+00,4.727E-02,1.691E+00,3.412E+01,6.063E-01,2.375E+02,-0.7754406,-1.10E-02,6.70E-02,2.07E-04,-1.52E-03
FS,T,90,17815,6.9,1.000E-02,9.719E-07,1.995E+00,0.000E+00,4.222E+08,6.073E+08,2.905E+06,4.589E-14,5.183E+02,3.410E-01,1.054E+00,3.300E+09,-1.782E+00,1.239E+02,1.111E-02,1.025E-10,1.078E+00,0.000E+00,5.279E-02,1.672E+00,3.402E+01,6.576E-01,1.979E+02,-0.8751419,-1.10E-02,7.56E-02,2.07E-04,-1.71E-03
MS,B,14,7884,4.9,1.000E-02,8.730E-07,1.563E+00,0.000E+00,1.000E+06,2.016E+08,3.290E+06,6.180E-14,3.000E+02,5.905E-01,2.738E-01,3.576E+08,-1.544E+00,1.500E+02,7.143E-02,3.017E-11,1.170E+00,0.000E+00,7.276E-04,2.222E+00,2.003E+09,1.000E-08,5.631E+02,-0.5095918,-5.55E-03,4.21E-02,1.83E-04,-8.53E-04
MS,B,26,8086,5.1,1.000E-02,1.530E-06,1.655E+00,0.000E+00,1.000E+06,3.278E+08,6.445E+06,3.010E-14,7.559E+03,6.715E-01,1.571E+00,3.182E+09,-1.794E+00,1.013E+02,3.846E-02,3.017E-11,1.170E+00,0.000E+00,1.922E-03,2.181E+00,2.003E+09,1.000E-08,3.110E+02,-0.6170095,-5.55E-03,5.11E-02,1.83E-04,-1.04E-03
MS,B,40,8463,5.5,1.000E-02,2.542E-06,1.680E+00,0.000E+00,1.000E+06,6.961E+08,5.397E+06,4.127E-14,1.977E+03,5.791E-01,1.178E+00,2.180E+09,-1.813E+00,1.053E+02,2.500E-02,3.017E-11,1.170E+00,0.000E+00,3.883E-03,2.123E+00,2.003E+09,1.000E-08,2.116E+02,-0.7526241,-5.55E-03,6.23E-02,1.83E-04,-1.26E-03
MS,B,60,8801,5.8,1.000E-02,4.475E-06,1.743E+00,0.000E+00,7.890E+09,7.111E+08,8.980E+06,2.846E-14,1.977E+03,5.791E-01,1.178E+00,2.180E+09,-1.813E+00,1.053E+02,1.667E-02,3.017E-11,1.170E+00,0.000E+00,8.848E-03,1.991E+00,2.003E+09,1.000E-08,1.467E+02,-0.9409393,-5.55E-03,7.79E-02,1.83E-04,-1.58E-03
MS,B,75,8850,5.8,1.000E-02,1.216E-05,1.597E+00,0.000E+00,1.000E+06,1.561E+09,7.144E+06,2.268E-14,1.825E+03,5.854E-01,1.349E+00,3.314E+09,-1.894E+00,1.058E+02,1.333E-02,3.017E-11,1.170E+00,0.000E+00,2.048E-02,1.850E+00,2.003E+09,1.000E-08,1.180E+02,-0.9409393,-5.55E-03,7.79E-02,1.83E-04,-1.58E-03
MS,B,90,8923,5.9,1.000E-02,1.954E-05,1.584E+00,0.000E+00,3.797E+09,1.376E+09,2.894E+06,2.204E-14,1.825E+03,5.854E-01,1.349E+00,3.314E+09,-1.894E+00,1.058E+02,1.111E-02,3.017E-11,1.170E+00,0.000E+00,2.048E-02,1.850E+00,2.003E+09,1.000E-08,9.914E+01,-0.9409393,-5.55E-03,7.79E-02,1.83E-04,-1.58E-03
MS,B,125,9000,5.9,1.000E-02,3.153E-05,1.618E+00,0.000E+00,1.032E+09,2.221E+09,1.000E+03,1.960E-14,1.825E+03,5.854E-01,1.349E+00,3.314E+09,-1.894E+00,1.058E+02,8.000E-03,3.017E-11,1.170E+00,0.000E+00,2.048E-02,1.850E+00,2.003E+09,1.000E-08,7.200E+01,-0.9409393,-5.55E-03,7.79E-02,1.83E-04,-1.58E-03
MS,E,14,7884,4.7,1.000E-02,5.743E-07,1.732E+00,0.000E+00,1.000E+06,2.840E+08,5.379E+06,1.420E-14,3.000E+02,5.905E-01,2.738E-01,3.576E+08,-1.544E+00,1.500E+02,7.143E-02,3.017E-11,1.170E+00,0.000E+00,7.276E-04,2.222E+00,2.003E+09,1.000E-08,5.631E+02,-0.5095918,-5.55E-03,4.21E-02,1.83E-04,-8.53E-04
MS,E,26,8086,4.9,1.000E-02,1.530E-06,1.655E+00,0.000E+00,1.000E+06,4.969E+08,3.993E+06,2.867E-14,7.559E+03,6.715E-01,1.571E+00,3.182E+09,-1.794E+00,1.013E+02,3.846E-02,3.017E-11,1.170E+00,0.000E+00,1.922E-03,2.181E+00,2.003E+09,1.000E-08,3.110E+02,-0.6170095,-5.55E-03,5.11E-02,1.83E-04,-1.04E-03
MS,E,40,8463,5.2,1.000E-02,2.542E-06,1.680E+00,0.000E+00,1.000E+06,6.802E+08,8.069E+06,2.158E-14,1.977E+03,5.791E-01,1.178E+00,2.180E+09,-1.813E+00,1.053E+02,2.500E-02,3.017E-11,1.170E+00,0.000E+00,3.883E-03,2.123E+00,2.003E+09,1.000E-08,2.116E+02,-0.7526241,-5.55E-03,6.23E-02,1.83E-04,-1.26E-03
MS,E,60,8801,5.5,1.000E-02,4.475E-06,1.743E+00,0.000E+00,7.890E+09,7.111E+08,8.980E+06,2.846E-14,1.977E+03,5.791E-01,1.178E+00,2.180E+09,-1.813E+00,1.053E+02,1.667E-02,3.017E-11,1.170E+00,0.000E+00,8.848E-03,1.991E+00,2.003E+09,1.000E-08,1.467E+02,-0.9409393,-5.55E-03,7.79E-02,1.83E-04,-1.58E-03
MS,E,75,8872,5.6,1.000E-02,3.414E-06,1.841E+00,0.000E+00,7.890E+09,7.111E+08,8.980E+06,2.846E-14,1.901E+03,5.824E-01,1.265E+00,2.650E+09,-1.850E+00,1.056E+02,1.333E-02,3.017E-11,1.170E+00,0.000E+00,1.374E-02,1.927E+00,2.003E+09,1.000E-08,1.183E+02,-1.079766,-5.55E-03,8.94E-02,1.83E-04,-1.81E-03
MS,E,90,8923,5.6,1.000E-02,1.258E-05,1.701E+00,0.000E+00,1.457E+09,8.281E+08,4.625E+06,1.092E-14,1.825E+03,5.854E-01,1.349E+00,3.314E+09,-1.894E+00,1.058E+02,1.111E-02,3.017E-11,1.170E+00,0.000E+00,2.048E-02,1.850E+00,2.003E+09,1.000E-08,9.914E+01,-1.21859,-5.55E-03,1.01E-01,1.83E-04,-2.05E-03
MS,EQ,26,8086,4.9,1.000E-02,1.183E-06,1.629E+00,0.000E+00,1.000E+06,3.330E+08,8.554E+06,1.285E-14,7.559E+03,6.715E-01,1.571E+00,3.182E+09,-1.794E+00,1.013E+02,3.846E-02,3.017E-11,1.170E+00,0.000E+00,1.922E-03,2.181E+00,2.003E+09,1.000E-08,3.110E+02,-0.6170095,-5.55E-03,5.11E-02,1.83E-04,-1.04E-03
MS,EQ,40,8288,5.1,1.000E-02,1.581E-06,1.763E+00,0.000E+00,1.000E+06,4.962E+08,8.098E+06,8.549E-15,1.977E+03,5.791E-01,1.178E+00,2.180E+09,-1.813E+00,1.053E+02,2.500E-02,3.017E-11,1.170E+00,0.000E+00,3.883E-03,2.123E+00,2.003E+09,1.000E-08,2.072E+02,-0.7526241,-5.55E-03,6.23E-02,1.83E-04,-1.26E-03
MS,EQ,60,8426,5.2,1.000E-02,6.470E-06,1.590E+00,0.000E+00,1.000E+06,7.118E+08,7.401E+06,1.301E-14,1.977E+03,5.791E-01,1.178E+00,2.180E+09,-1.813E+00,1.053E+02,1.667E-02,3.017E-11,1.170E+00,0.000E+00,8.848E-03,1.991E+00,2.003E+09,1.000E-08,1.404E+02,-0.9409393,-5.55E-03,7.79E-02,1.83E-04,-1.58E-03
MS,PQ,26,8086,4.9,1.000E-02,1.443E-06,1.629E+00,0.000E+00,1.000E+06,2.690E+08,3.455E+06,1.045E-14,7.559E+03,6.715E-01,1.571E+00,3.182E+09,-1.794E+00,1.013E+02,3.846E-02,3.017E-11,1.170E+00,0.000E+00,1.922E-03,2.181E+00,2.003E+09,1.000E-08,3.110E+02,-0.6170095,-5.55E-03,5.11E-02,1.83E-04,-1.04E-03
MS,PQ,40,8288,5.1,1.000E-02,3.388E-06,1.637E+00,0.000E+00,1.000E+06,4.723E+08,4.593E+06,1.095E-14,1.977E+03,5.791E-01,1.178E+00,2.180E+09,-1.813E+00,1.053E+02,2.500E-02,3.017E-11,1.170E+00,0.000E+00,3.883E-03,2.123E+00,2.003E+09,1.000E-08,2.072E+02,-0.7526241,-5.55E-03,6.23E-02,1.83E-04,-1.26E-03
MS,PQ,60,8426,5.2,1.000E-02,1.411E-05,1.476E+00,0.000E+00,1.000E+06,4.562E+08,4.819E+06,1.611E-14,1.977E+03,5.791E-01,1.178E+00,2.180E+09,-1.813E+00,1.053E+02,1.667E-02,3.017E-11,1.170E+00,0.000E+00,8.848E-03,1.991E+00,2.003E+09,1.000E-08,1.404E+02,-0.9409393,-5.55E-03,7.79E-02,1.83E-04,-1.58E-03
MS,T,14,7884,4.9,1.000E-02,9.443E-07,1.533E+00,0.000E+00,1.000E+06,1.814E+08,3.377E+06,2.628E-14,3.000E+02,5.905E-01,2.738E-01,3.576E+08,-1.544E+00,1.500E+02,7.143E-02,3.017E-11,1.170E+00,0.000E+00,7.276E-04,2.222E+00,2.003E+09,1.000E-08,5.631E+02,-0.5095918,-5.55E-03,4.21E-02,1.83E-04,-8.53E-04
MS,T(OD=5.22-7.75 in),14,7884,4.9,1.000E-02,1.065E-06,1.553E+00,0.000E+00,1.000E+06,2.035E+08,3.969E+06,3.473E-14,3.000E+02,5.905E-01,2.738E-01,3.576E+08,-1.544E+00,1.500E+02,7.143E-02,3.017E-11,1.170E+00,0.000E+00,7.276E-04,2.222E+00,2.003E+09,1.000E-08,5.631E+02,-0.5095918,-5.55E-03,4.21E-02,1.83E-04,-8.53E-04
MS,T,26,8086,5.1,1.000E-02,2.061E-07,1.995E+00,0.000E+00,1.000E+06,4.969E+08,3.993E+06,2.867E-14,7.559E+03,6.715E-01,1.571E+00,3.182E+09,-1.794E+00,1.013E+02,3.846E-02,3.017E-11,1.170E+00,0.000E+00,1.922E-03,2.181E+00,2.003E+09,1.000E-08,3.110E+02,-0.6170095,-5.55E-03,5.11E-02,1.83E-04,-1.04E-03
MS,T(OD=5.22-7.75 in),26,7930,4.9,1.000E-02,4.158E-06,1.508E+00,0.000E+00,1.000E+06,3.991E+08,2.565E+06,3.320E-14,7.559E+03,6.715E-01,1.571E+00,3.182E+09,-1.794E+00,1.013E+02,3.846E-02,3.017E-11,1.170E+00,0.000E+00,1.922E-03,2.181E+00,2.003E+09,1.000E-08,3.050E+02,-0.6170095,-5.55E-03,5.11E-02,1.83E-04,-1.04E-03
MS,T,40,8463,5.5,1.000E-02,2.655E-06,1.703E+00,0.000E+00,1.000E+06,6.961E+08,5.397E+06,4.127E-14,1.977E+03,5.791E-01,1.178E+00,2.180E+09,-1.813E+00,1.053E+02,2.500E-02,3.017E-11,1.170E+00,0.000E+00,3.883E-03,2.123E+00,2.003E+09,1.000E-08,2.116E+02,-0.7526241,-5.55E-03,6.23E-02,1.83E-04,-1.26E-03
MS,T,60,8801,5.8,1.000E-02,2.151E-06,1.841E+00,0.000E+00,7.890E+09,7.111E+08,8.980E+06,2.846E-14,1.977E+03,5.791E-01,1.178E+00,2.180E+09,-1.813E+00,1.053E+02,1.667E-02,3.017E-11,1.170E+00,0.000E+00,8.848E-03,1.991E+00,2.003E+09,1.000E-08,1.467E+02,-0.9409393,-5.55E-03,7.79E-02,1.83E-04,-1.58E-03
MS,T,75,8872,5.9,1.000E-02,3.414E-06,1.841E+00,0.000E+00,7.890E+09,7.111E+08,8.980E+06,2.846E-14,1.901E+03,5.824E-01,1.265E+00,2.650E+09,-1.850E+00,1.056E+02,1.333E-02,3.017E-11,1.170E+00,0.000E+00,1.374E-02,1.927E+00,2.003E+09,1.000E-08,1.183E+02,-1.079766,-5.55E-03,8.94E-02,1.83E-04,-1.81E-03
MS,T,90,8923,5.9,1.000E-02,3.994E-06,1.883E+00,0.000E+00,7.890E+09,7.111E+08,8.980E+06,2.846E-14,1.825E+03,5.854E-01,1.349E+00,3.314E+09,-1.894E+00,1.058E+02,1.111E-02,3.017E-11,1.170E+00,0.000E+00,2.048E-02,1.850E+00,2.003E+09,1.000E-08,9.914E+01,-1.21859,-5.55E-03,0.1009266,1.83E-04,-2.05E-03
MS,T(OD=5.22-6.00 in),90,8923,5.9,1.000E-02,4.807E-05,1.349E+00,0.000E+00,7.890E+09,7.111E+08,8.980E+06,2.846E-14,1.825E+03,5.854E-01,1.349E+00,3.314E+09,-1.894E+00,1.058E+02,1.111E-02,3.017E-11,1.170E+00,0.000E+00,2.048E-02,1.850E+00,2.003E+09,1.000E-08,9.914E+01,-1.21859,-5.55E-03,0.1009266,1.83E-04,-2.05E-03
MS,T,125,8923,5.9,1.000E-02,7.884E-06,1.883E+00,0.000E+00,1.394E+10,1.034E+09,1.244E+07,4.007E-14,1.764E+03,5.859E-01,1.386E+00,4.067E+09,-1.914E+00,1.060E+02,8.000E-03,3.017E-11,1.170E+00,0.000E+00,2.911E-02,1.834E+00,2.003E+09,1.000E-08,7.138E+01,-1.542522,-5.55E-03,0.1277557,1.83E-04,-0.0025892
MS,T(OD=5.22-6.00 in),125,8923,5.9,1.000E-02,3.798E-05,1.548E+00,0.000E+00,1.394E+10,1.034E+09,1.244E+07,4.007E-14,1.764E+03,5.859E-01,1.386E+00,4.067E+09,-1.914E+00,1.060E+02,8.000E-03,3.017E-11,1.170E+00,0.000E+00,2.911E-02,1.834E+00,2.003E+09,1.000E-08,7.138E+01,-1.542522,-5.55E-03,0.1277557,1.83E-04,-2.59E-03
MS,T,147,8923,5.9,1.000E-02,4.732E-05,1.539E+00,0.000E+00,1.394E+10,1.034E+09,1.244E+07,4.007E-14,1.764E+03,5.859E-01,1.386E+00,4.067E+09,-1.914E+00,1.060E+02,6.803E-03,3.017E-11,1.170E+00,0.000E+00,2.841E-02,1.909E+00,2.003E+09,1.083E-08,6.070E+01,-2.08235,-5.55E-03,0.1724723,1.83E-04,-3.50E-03
MS,T,160,8923,5.9,1.000E-02,4.439E-05,1.627E+00,0.000E+00,1.394E+10,1.034E+09,1.244E+07,4.007E-14,1.764E+03,5.859E-01,1.386E+00,4.067E+09,-1.914E+00,1.060E+02,6.250E-03,3.017E-11,1.170E+00,0.000E+00,3.068E-02,1.909E+00,2.003E+09,1.000E-08,5.577E+01,-2.776516,-5.55E-03,2.30E-01,1.83E-04,-4.66E-03
SH,T,10,8086,4.3,1.000E-02,2.795E-07,1.676E+00,0.000E+00,1.000E+06,4.982E+07,1.506E+06,1.346E-14,7.559E+03,6.715E-01,1.571E+00,3.182E+09,-1.794E+00,1.013E+02,3.846E-02,1.010E-11,1.170E+00,0.000E+00,1.922E-03,2.181E+00,2.003E+09,1.000E-08,3.110E+02,-0.6170095,-5.55E-03,5.11E-02,1.83E-04,-1.04E-03
SH,T,26,8175,5.2,1.000E-02,1.042E-06,1.701E+00,0.000E+00,1.000E+06,3.287E+08,5.779E+06,1.240E-14,7.559E+03,6.715E-01,1.571E+00,3.182E+09,-1.794E+00,1.013E+02,3.846E-02,1.010E-11,1.170E+00,0.000E+00,6.240E-04,2.433E+00,2.003E+09,1.000E-08,3.144E+02,-0.6170095,-5.55E-03,5.11E-02,1.83E-04,-1.04E-03
SH,T,60,8605,5.6,1.000E-02,7.724E-06,1.612E+00,0.000E+00,1.000E+06,8.801E+08,5.421E+06,1.033E-14,1.977E+03,5.791E-01,1.178E+00,2.180E+09,-1.813E+00,1.053E+02,1.667E-02,1.010E-11,1.170E+00,0.000E+00,6.872E-03,2.081E+00,2.003E+09,1.000E-08,1.434E+02,-0.9409393,-5.55E-03,7.79E-02,1.83E-04,-1.58E-03
SH,T,125,8740,5.7,1.000E-02,3.265E-05,1.587E+00,0.000E+00,7.985E+09,1.378E+09,4.041E+06,7.891E-15,1.764E+03,5.859E-01,1.386E+00,4.067E+09,-1.914E+00,1.060E+02,8.000E-03,1.010E-11,1.170E+00,0.000E+00,2.911E-02,1.834E+00,2.003E+09,1.000E-08,6.992E+01,-1.542522,-5.55E-03,1.28E-01,1.83E-04,-2.59E-03
SM,T,26,8874,5.9,1.000E-02,6.874E-08,2.019E+00,0.000E+00,1.000E+06,3.609E+08,6.007E+06,1.919E-14,7.559E+03,6.715E-01,1.571E+00,3.182E+09,-1.794E+00,1.013E+02,3.846E-02,3.017E-11,1.170E+00,0.000E+00,1.922E-03,2.181E+00,2.003E+09,1.000E-08,3.413E+02,-0.6170095,-5.55E-03,5.11E-02,1.83E-04,-1.04E-03
SM,T,40,9076,6.1,1.000E-02,5.749E-07,1.867E+00,0.000E+00,1.000E+06,7.974E+08,9.213E+06,1.201E-14,1.977E+03,5.791E-01,1.178E+00,2.180E+09,-1.813E+00,1.053E+02,2.500E-02,3.017E-11,1.170E+00,0.000E+00,3.883E-03,2.123E+00,2.003E+09,1.000E-08,2.269E+02,-0.7526241,-5.55E-03,6.23E-02,1.83E-04,-1.26E-03
SM,T,60,9625,6.6,1.000E-02,9.058E-07,1.903E+00,0.000E+00,1.000E+06,9.109E+08,1.221E+07,1.096E-14,1.977E+03,5.791E-01,1.178E+00,2.180E+09,-1.813E+00,1.053E+02,1.667E-02,3.017E-11,1.170E+00,0.000E+00,4.598E-03,2.138E+00,2.003E+09,1.022E-08,1.604E+02,-0.9409393,-5.55E-03,7.79E-02,1.83E-04,-1.58E-03
GX,T,60,15095,7.6,1.000E-02,3.174E-08,2.441E+00,0.000E+00,7.314E+06,1.490E+09,2.002E+06,6.519E-15,6.312E+02,2.667E-01,1.103E+00,9.536E+07,-1.400E+00,1.188E+02,1.667E-02,2.636E-09,9.604E-01,0.000E+00,1.236E-02,1.854E+00,6.374E+07,1.000E-08,2.516E+02,142,,,,
GX,T,125,15241,7.8,1.000E-02,4.576E-07,2.259E+00,0.000E+00,5.039E+10,1.465E+09,3.165E+06,2.930E-14,1.346E+03,2.608E-02,1.853E+00,1.596E+11,-2.190E+00,1.080E+02,8.000E-03,2.636E-09,9.604E-01,0.000E+00,2.685E-02,1.792E+00,6.374E+07,1.000E-08,1.219E+02,252,,,,
HF,EQ,26,13452,5.9,1.000E-02,7.681E-07,1.548E+00,0.000E+00,1.000E+06,1.989E+08,3.057E+06,3.836E-14,2.101E+03,3.772E-02,1.862E+00,5.869E+11,-2.339E+00,1.050E+02,3.846E-02,2.636E-09,9.604E-01,0.000E+00,3.839E-03,1.947E+00,6.374E+07,1.000E-08,5.174E+02,85,,,,
HF,EQ,40,13824,6.7,1.000E-02,7.205E-07,1.635E+00,0.000E+00,1.000E+06,4.142E+08,3.703E+06,4.210E-14,5.873E+02,3.622E-01,1.073E+00,1.217E+10,-1.934E+00,1.205E+02,2.500E-02,1.025E-10,1.078E+00,0.000E+00,1.736E-02,1.716E+00,9.614E+01,7.162E-01,3.456E+02,105,,,,
HF,EQ,60,14162,6.7,1.000E-02,2.637E-06,1.639E+00,0.000E+00,8.195E+08,7.405E+08,2.965E+06,3.593E-14,6.312E+02,2.667E-01,1.103E+00,9.536E+07,-1.400E+00,1.188E+02,1.667E-02,2.636E-09,9.604E-01,0.000E+00,1.236E-02,1.854E+00,6.374E+07,1.000E-08,2.360E+02,142,,,,
HF,PQ,26,13452,5.9,1.000E-02,1.509E-07,1.839E+00,0.000E+00,1.000E+06,1.746E+08,2.796E+06,2.196E-14,2.101E+03,3.772E-02,1.862E+00,5.869E+11,-2.339E+00,1.050E+02,3.846E-02,2.636E-09,9.604E-01,0.000E+00,3.839E-03,1.947E+00,6.374E+07,1.000E-08,5.174E+02,85,,,,
HF,PQ,40,13824,6.7,1.000E-02,8.447E-08,2.097E+00,0.000E+00,1.000E+06,3.589E+08,3.245E+06,2.142E-14,5.873E+02,3.622E-01,1.073E+00,1.217E+10,-1.934E+00,1.205E+02,2.500E-02,1.025E-10,1.078E+00,0.000E+00,1.736E-02,1.716E+00,9.614E+01,7.162E-01,3.456E+02,105,,,,
HF,PQ,60,14162,6.7,1.000E-02,9.898E-07,1.871E+00,0.000E+00,3.881E+10,9.421E+07,5.410E+06,4.837E-14,6.312E+02,2.667E-01,1.103E+00,9.536E+07,-1.400E+00,1.188E+02,1.667E-02,2.636E-09,9.604E-01,0.000E+00,1.236E-02,1.854E+00,6.374E+07,1.000E-08,2.360E+02,142,,,,
HF,T,14,13225,6.2,1.000E-02,8.808E-07,1.438E+00,0.000E+00,2.058E+09,3.239E+08,3.003E+06,1.233E-13,1.683E+00,1.137E-05,6.103E-01,7.970E+12,-2.686E+00,-1.712E+00,7.143E-02,2.636E-09,9.604E-01,0.000E+00,2.240E-03,1.928E+00,4.940E+09,1.000E-08,9.447E+02,65,,,,
HF,T,26,13452,6.4,1.000E-02,2.437E-06,1.438E+00,0.000E+00,2.058E+09,3.239E+08,3.003E+06,1.233E-13,2.101E+03,3.772E-02,1.862E+00,5.869E+11,-2.339E+00,1.050E+02,3.846E-02,2.636E-09,9.604E-01,0.000E+00,3.839E-03,1.947E+00,6.374E+07,1.000E-08,5.174E+02,85,,,,
HF,T,60,15095,6.4,1.000E-02,1.672E-07,2.111E+00,0.000E+00,1.389E+09,1.170E+09,2.871E+06,9.446E-15,6.312E+02,2.667E-01,1.103E+00,9.536E+07,-1.400E+00,1.188E+02,1.667E-02,2.636E-09,9.604E-01,0.000E+00,1.236E-02,1.854E+00,6.374E+07,1.000E-08,2.516E+02,142,,,,
HF,T,125,15241,7.7,1.000E-02,2.848E-07,2.371E+00,0.000E+00,8.064E+09,1.223E+09,2.706E+06,2.045E-14,1.346E+03,2.608E-02,1.853E+00,1.596E+11,-2.190E+00,1.080E+02,8.000E-03,2.636E-09,9.604E-01,0.000E+00,2.685E-02,1.792E+00,6.374E+07,1.000E-08,1.219E+02,252,,,,
HF,T,147,15307,7.7,1.000E-02,1.248E-06,2.169E+00,0.000E+00,4.299E+10,6.671E+08,3.114E+06,8.003E-14,5.104E+02,3.435E-01,1.035E+00,1.480E+08,-1.446E+00,1.244E+02,6.803E-03,2.636E-09,9.604E-01,0.000E+00,3.581E-02,1.768E+00,6.374E+07,1.000E-08,1.041E+02,289,,,,
HF,T,160,15386,7.8,1.000E-02,1.434E-06,2.169E+00,0.000E+00,4.299E+10,6.671E+08,3.114E+06,8.003E-14,4.840E+02,3.099E-01,1.035E+00,1.048E+08,-1.400E+00,1.260E+02,6.250E-03,2.636E-09,9.604E-01,0.000E+00,3.903E-02,1.778E+00,6.374E+07,1.000E-08,9.617E+01,311,,,,
MP,T,14,7473,6.0,1.000E-02,5.683E-07,1.662E+00,0.000E+00,1.914E+09,4.349E+08,4.331E+06,8.850E-14,3.000E+02,5.905E-01,2.738E-01,3.576E+08,-1.544E+00,1.500E+02,7.143E-02,5.717E-09,8.920E-01,0.000E+00,6.690E-04,2.256E+00,2.003E+09,1.000E-08,5.338E+02,100,,,,
MP,T,26,7638,6.2,1.000E-02,1.960E-06,1.662E+00,0.000E+00,1.914E+09,4.349E+08,4.331E+06,8.850E-14,1.492E+03,2.488E+00,8.100E-01,9.536E+07,-1.400E+00,1.072E+02,3.846E-02,5.717E-09,8.920E-01,0.000E+00,1.885E-03,2.205E+00,2.003E+09,1.000E-08,2.938E+02,102,,,,
MP,T,60,8633,7.5,1.000E-02,1.076E-07,2.469E+00,0.000E+00,4.426E+09,1.249E+09,7.830E+06,1.112E-14,1.330E+03,1.621E+00,8.645E-01,9.536E+07,-1.400E+00,1.081E+02,1.667E-02,5.717E-09,8.920E-01,0.000E+00,6.050E-03,2.118E+00,2.003E+09,1.000E-08,1.439E+02,104,,,,
MP,T(OD=3.50-6.00 in),60,8633,7.5,1.000E-02,1.212E-06,1.961E+00,0.000E+00,9.919E+09,9.488E+08,4.486E+06,3.238E-14,1.330E+03,1.621E+00,8.645E-01,9.536E+07,-1.400E+00,1.081E+02,1.667E-02,5.717E-09,8.920E-01,0.000E+00,6.050E-03,2.118E+00,2.003E+09,1.000E-08,1.439E+02,104,,,,
MP,T,125,8856,7.7,1.000E-02,6.960E-07,2.451E+00,0.000E+00,1.000E+06,2.001E+09,4.002E+06,2.070E-14,9.081E+02,7.530E-01,8.896E-01,9.536E+07,-1.400E+00,1.124E+02,8.000E-03,5.717E-09,8.920E-01,0.000E+00,1.479E-02,2.100E+00,2.003E+09,1.000E-08,7.084E+01,105,,,,
MP,T(OD=3.50-6.00 in),125,8856,7.7,1.000E-02,7.875E-06,1.874E+00,0.000E+00,2.193E+10,1.308E+09,9.301E+06,3.087E-14,9.081E+02,7.530E-01,8.896E-01,9.536E+07,-1.400E+00,1.124E+02,8.000E-03,5.717E-09,8.920E-01,0.000E+00,1.479E-02,2.100E+00,2.003E+09,1.000E-08,7.084E+01,105,,,,
MP,T,147,8901,7.8,1.000E-02,1.089E-05,1.874E+00,0.000E+00,3.167E+10,1.206E+09,9.656E+06,5.636E-14,8.756E+02,7.477E-01,8.939E-01,9.536E+07,-1.400E+00,1.129E+02,6.803E-03,5.717E-09,8.920E-01,0.000E+00,1.836E-02,2.089E+00,2.003E+09,1.000E-08,6.055E+01,107,,,,
MP,T,160,8977,7.9,1.000E-02,1.123E-05,1.935E+00,0.000E+00,3.167E+10,1.206E+09,9.656E+06,5.636E-14,9.362E+02,7.857E-01,9.243E-01,9.536E+07,-1.400E+00,1.120E+02,6.250E-03,5.717E-09,8.920E-01,0.000E+00,2.088E-02,2.075E+00,2.003E+09,1.000E-08,5.611E+01,109,,,,
MP,T,173,8977,7.9,1.000E-02,1.313E-05,1.935E+00,0.000E+00,3.167E+10,1.206E+09,9.656E+06,5.636E-14,8.724E+02,6.288E-01,9.478E-01,9.536E+07,-1.400E+00,1.129E+02,5.780E-03,5.717E-09,8.920E-01,0.000E+00,2.344E-02,2.072E+00,2.003E+09,1.000E-08,5.189E+01,111,,,,
MP,T,205,8977,7.9,1.000E-02,3.822E-06,2.349E+00,0.000E+00,1.143E+10,2.045E+09,1.156E+07,8.981E-14,8.750E+02,1.305E+00,8.603E-01,9.536E+07,-1.400E+00,1.129E+02,4.878E-03,5.717E-09,8.920E-01,0.000E+00,3.077E-02,2.042E+00,2.003E+09,1.000E-08,4.379E+01,113,,,,
OC,T,26,11238,6.2,1.000E-02,3.288E-07,1.778E+00,0.000E+00,1.000E+06,4.028E+08,5.150E+06,2.400E-14,1.659E+03,2.669E-01,1.398E+00,9.090E+10,-2.138E+00,1.064E+02,3.846E-02,6.059E-10,1.010E+00,0.000E+00,3.281E-03,1.999E+00,5.781E+06,2.120E+00,4.322E+02,-0.2315956,-7.25E-03,1.73E-02,2.18E-04,-2.86E-04
OC,T(OD=5.22-7.75 in),26,10633,5.7,1.000E-02,1.215E-06,1.607E+00,0.000E+00,1.000E+06,7.184E+08,3.715E+05,2.741E-14,1.659E+03,2.669E-01,1.398E+00,9.090E+10,-2.138E+00,1.064E+02,3.846E-02,6.059E-10,1.010E+00,0.000E+00,3.281E-03,1.999E+00,5.781E+06,2.120E+00,4.089E+02,-0.2315956,-7.25E-03,1.73E-02,2.18E-04,-2.86E-04
OC,T,60,11948,6.8,1.000E-02,8.573E-08,2.326E+00,0.000E+00,2.288E+09,1.502E+09,3.344E+06,1.782E-14,8.767E+02,6.069E-01,1.079E+00,2.543E+09,-1.752E+00,1.129E+02,1.667E-02,6.059E-10,1.010E+00,0.000E+00,1.147E-02,1.891E+00,2.006E+04,2.633E+00,1.991E+02,-0.49301,-7.25E-03,3.68E-02,2.18E-04,-6.10E-04
OC,T(OD=6.00-7.75 in),60,11545,6.4,1.000E-02,1.806E-06,1.799E+00,0.000E+00,7.427E+06,2.027E+09,1.000E+03,2.739E-14,8.767E+02,6.069E-01,1.079E+00,2.543E+09,-1.752E+00,1.129E+02,1.667E-02,6.059E-10,1.010E+00,0.000E+00,1.147E-02,1.891E+00,2.006E+04,2.633E+00,1.924E+02,-0.49301,-7.25E-03,3.68E-02,2.18E-04,-6.10E-04
OC,T,90,12065,6.9,1.000E-02,4.557E-07,2.175E+00,0.000E+00,3.398E+09,1.939E+09,4.260E+06,1.685E-14,9.581E+02,5.682E-01,1.164E+00,4.792E+09,-1.812E+00,1.117E+02,1.111E-02,6.059E-10,1.010E+00,0.000E+00,1.924E-02,1.840E+00,4.785E+04,3.113E+00,1.341E+02,-0.7246049,-7.25E-03,5.41E-02,2.18E-04,-8.96E-04
OC,T,125,12124,6.9,1.000E-02,8.990E-07,2.221E+00,0.000E+00,1.000E+06,2.369E+09,1.449E+06,2.303E-14,9.581E+02,5.682E-01,1.164E+00,4.792E+09,-1.812E+00,1.117E+02,8.000E-03,6.059E-10,1.010E+00,0.000E+00,2.540E-02,1.839E+00,4.900E+04,2.856E+00,9.699E+01,-0.993973,-7.25E-03,7.42E-02,2.18E-04,-1.23E-03
OD,T,26,15350,6.4,1.000E-02,5.445E-08,2.001E+00,0.000E+00,1.000E+06,3.091E+08,3.868E+06,2.729E-14,1.659E+03,2.669E-01,1.398E+00,9.090E+10,-2.138E+00,1.064E+02,3.846E-02,6.059E-10,1.010E+00,0.000E+00,3.281E-03,1.999E+00,5.781E+06,2.120E+00,5.904E+02,-0.2315956,-7.25E-03,1.73E-02,2.18E-04,-2.86E-04
OD,T(OD=5.22-7.75 in),26,15170,6.3,1.000E-02,1.553E-07,1.844E+00,0.000E+00,1.000E+06,6.232E+08,2.214E+06,4.542E-14,1.659E+03,2.669E-01,1.398E+00,9.090E+10,-2.138E+00,1.064E+02,3.846E-02,6.059E-10,1.010E+00,0.000E+00,3.281E-03,1.999E+00,5.781E+06,2.120E+00,5.835E+02,-0.2315956,-7.25E-03,1.73E-02,2.18E-04,-2.86E-04
OD,T,60,16369,7.0,1.000E-02,2.111E-08,2.501E+00,0.000E+00,1.000E+06,8.154E+08,2.976E+06,3.292E-14,8.767E+02,6.069E-01,1.079E+00,2.543E+09,-1.752E+00,1.129E+02,1.667E-02,6.059E-10,1.010E+00,0.000E+00,1.147E-02,1.891E+00,2.006E+04,2.633E+00,2.728E+02,-0.49301,-7.25E-03,3.68E-02,2.18E-04,-6.10E-04
OD,T(OD=6.00-7.75 in),60,16229,7.0,1.000E-02,1.037E-07,2.269E+00,0.000E+00,1.770E+08,1.263E+09,1.735E+06,4.706E-14,8.767E+02,6.069E-01,1.079E+00,2.543E+09,-1.752E+00,1.129E+02,1.667E-02,6.059E-10,1.010E+00,0.000E+00,1.147E-02,1.891E+00,2.006E+04,2.633E+00,2.705E+02,-0.49301,-7.25E-03,3.68E-02,2.18E-04,-6.10E-04
OD,T,90,16922,7.4,1.000E-02,4.343E-07,2.124E+00,0.000E+00,1.000E+06,7.629E+08,4.688E+06,4.273E-14,9.581E+02,5.682E-01,1.164E+00,4.792E+09,-1.812E+00,1.117E+02,1.111E-02,6.059E-10,1.010E+00,0.000E+00,1.924E-02,1.840E+00,4.785E+04,3.113E+00,1.880E+02,-0.7246049,-7.25E-03,5.41E-02,2.18E-04,-8.96E-04
OE,T,26,12433,5.8,1.000E-02,3.081E-07,1.754E+00,0.000E+00,1.000E+06,2.872E+08,2.868E+06,2.365E-14,1.659E+03,2.669E-01,1.398E+00,9.090E+10,-2.138E+00,1.064E+02,3.846E-02,6.059E-10,1.010E+00,0.000E+00,3.281E-03,1.999E+00,5.781E+06,2.120E+00,4.782E+02,-0.2315956,-7.25E-03,1.73E-02,2.18E-04,-2.86E-04
OE,T(OD=5.22-7.75 in),26,12341,5.8,1.000E-02,7.206E-07,1.660E+00,0.000E+00,1.000E+06,4.182E+08,1.002E+07,4.192E-14,1.659E+03,2.669E-01,1.398E+00,9.090E+10,-2.138E+00,1.064E+02,3.846E-02,6.059E-10,1.010E+00,0.000E+00,3.281E-03,1.999E+00,5.781E+06,2.120E+00,4.746E+02,-0.2315956,-7.25E-03,1.73E-02,2.18E-04,-2.86E-04
OE,T,60,13222,6.4,1.000E-02,1.076E-07,2.308E+00,0.000E+00,1.000E+06,6.811E+08,3.796E+06,2.696E-14,8.767E+02,6.069E-01,1.079E+00,2.543E+09,-1.752E+00,1.129E+02,1.667E-02,6.059E-10,1.010E+00,0.000E+00,1.147E-02,1.891E+00,2.006E+04,2.633E+00,2.204E+02,-0.49301,-7.25E-03,3.68E-02,2.18E-04,-6.10E-04
OE,T(OD=6.00-7.75 in),60,12706,6.0,1.000E-02,3.825E-06,1.731E+00,0.000E+00,1.256E+08,8.845E+08,5.421E+05,3.805E-14,8.767E+02,6.069E-01,1.079E+00,2.543E+09,-1.752E+00,1.129E+02,1.667E-02,6.059E-10,1.010E+00,0.000E+00,1.147E-02,1.891E+00,2.006E+04,2.633E+00,2.118E+02,-0.49301,-7.25E-03,3.68E-02,2.18E-04,-6.10E-04
OE,T,75,11983,6.4,1.000E-02,1.306E-05,1.508E+00,0.000E+00,8.003E+08,7.905E+08,1.123E+06,2.652E-14,8.767E+02,6.069E-01,1.079E+00,2.543E+09,-1.752E+00,1.129E+02,1.333E-02,6.059E-10,1.010E+00,0.000E+00,1.503E-02,1.853E+00,3.712E+03,1.972E+00,1.598E+02,-0.6093045,-7.25E-03,4.55E-02,2.18E-04,-7.53E-04
OE,T,90,13216,6.4,1.000E-02,3.156E-06,1.858E+00,0.000E+00,1.655E+09,7.086E+08,4.038E+06,2.568E-14,9.581E+02,5.682E-01,1.164E+00,4.792E+09,-1.812E+00,1.117E+02,1.111E-02,6.059E-10,1.010E+00,0.000E+00,1.924E-02,1.840E+00,4.785E+04,3.113E+00,1.468E+02,-0.7246049,-7.25E-03,5.41E-02,2.18E-04,-8.96E-04